<?xml version="1.0" encoding="UTF-8"?><idlog><t seq="02978A1202978A12"><map><id i="0" s="[Consolidation View].[Time (Close) (alias)].[Close Month]"/><id i="1" s="[Consolidation View].[Time (Close) (alias)].[Close Day Key]"/><id i="2" s="[GO Operational Model].[Time (Close) (alias) &lt;--&gt; Sales Fact]"/><id i="3" s="[Consolidation View].[Time (Close) (alias)]"/><id i="4" s="[Consolidation View].[Time (Close) (alias)].[Close Date]"/><id i="5" s="[Consolidation View].[Time (Close) (alias)].[Close Year]"/><id i="6" s="[Consolidation View].[Time (Close) (alias)].[Close Quarter Key]"/><id i="7" s="[Consolidation View].[Time (Close) (alias)].[Close Quarter]"/><id i="8" s="[Consolidation View].[Time (Close) (alias)].[Close Month Key]"/><id i="9" s="[Consolidation View].[Time (Close) (alias)].[Close Month (numeric)]"/></map><a seq="0"><id i="0"/><id i="1"/><id i="2"/><id i="3"/><id i="4"/><id i="5"/><id i="6"/><id i="7"/><id i="8"/><id i="9"/></a></t><t seq="6DADEA6A6DADEA6A"><map><id i="0" s="[Consolidation View].[Time (Ship) (alias)]"/><id i="1" s="[Consolidation View].[Time (Ship) (alias)].[Ship Date]"/><id i="2" s="[Consolidation View].[Time (Ship) (alias)].[Ship Year]"/><id i="3" s="[Consolidation View].[Time (Ship) (alias)].[Ship Quarter Key]"/><id i="4" s="[Consolidation View].[Time (Ship) (alias)].[Ship Quarter]"/><id i="5" s="[Consolidation View].[Time (Ship) (alias)].[Ship Month Key]"/><id i="6" s="[Consolidation View].[Time (Ship) (alias)].[Ship Month (numeric)]"/><id i="7" s="[Consolidation View].[Time (Ship) (alias)].[Ship Month]"/><id i="8" s="[Consolidation View].[Time (Ship) (alias)].[Ship Day Key]"/><id i="9" s="[GO Operational Model].[Time (Ship) (alias) &lt;--&gt; Sales Fact]"/></map><a seq="0"><id i="0"/><id i="1"/><id i="2"/><id i="3"/><id i="4"/><id i="5"/><id i="6"/><id i="7"/><id i="8"/><id i="9"/></a></t><t seq="76235A1376235A13"><map><id i="0" s="[Consolidation View].[Time (Ship) (alias)]"/><id i="1" s="[Consolidation View].[Time (Ship)]"/><id i="2" s="[Consolidation View].[Time (Ship)].[Ship Date]"/><id i="3" s="[Consolidation View].[Time (Ship)].[Ship Year]"/><id i="4" s="[Consolidation View].[Time (Ship)].[Ship Quarter Key]"/><id i="5" s="[Consolidation View].[Time (Ship)].[Ship Quarter]"/><id i="6" s="[Consolidation View].[Time (Ship)].[Ship Month Key]"/><id i="7" s="[Consolidation View].[Time (Ship)].[Ship Month (numeric)]"/><id i="8" s="[Consolidation View].[Time (Ship)].[Ship Month]"/><id i="9" s="[Consolidation View].[Time (Ship)].[Ship Day Key]"/><id i="10" s="[GO Operational Model].[Time (Ship) (alias) &lt;--&gt; Sales Fact]"/></map><a seq="0"><id i="0"/><id i="1"/><id i="2"/><id i="3"/><id i="4"/><id i="5"/><id i="6"/><id i="7"/><id i="8"/><id i="9"/><id i="10"/></a></t><t seq="9E01594C9E01594C"><map><id i="0" s="[Consolidation View].[Time (Close)].[Close Month]"/><id i="1" s="[Consolidation View].[Time (Close)].[Close Day Key]"/><id i="2" s="[GO Operational Model].[Time (Close) (alias) &lt;--&gt; Sales Fact]"/><id i="3" s="[Consolidation View].[Time (Close)]"/><id i="4" s="[Consolidation View].[Time (Close) (alias)]"/><id i="5" s="[Consolidation View].[Time (Close)].[Close Date]"/><id i="6" s="[Consolidation View].[Time (Close)].[Close Year]"/><id i="7" s="[Consolidation View].[Time (Close)].[Close Quarter Key]"/><id i="8" s="[Consolidation View].[Time (Close)].[Close Quarter]"/><id i="9" s="[Consolidation View].[Time (Close)].[Close Month Key]"/><id i="10" s="[Consolidation View].[Time (Close)].[Close Month (numeric)]"/></map><a seq="0"><id i="0"/><id i="1"/><id i="2"/><id i="3"/><id i="4"/><id i="5"/><id i="6"/><id i="7"/><id i="8"/><id i="9"/><id i="10"/></a></t><t seq="9BE258779BE25877"><map><id i="0" s="[Consolidation View]"/></map><a seq="0"><id i="0"/></a></t><t seq="93B3C1FD93B3C1FD"><map><id i="0" s="[Consolidation View]"/></map><a seq="0"><id i="0"/></a></t><t seq="D7256337D7256337"><map></map></t><t seq="D7256337D7256337"><map></map></t><t seq="EA8FC232EA8FC232"><map><id i="0" s="[gosales].[COUNTRY &lt;--&gt; SALES_TARGET]"/></map><a seq="0"><id i="0"/></a></t><t seq="CECDD260CECDD260"><map><id i="0" s="[Consolidation View].[Products].[Production Cost]"/><id i="1" s="[Consolidation View].[Products].[Gross Margin]"/></map><a seq="0"><id i="0"/><id i="1"/></a></t><t seq="3C1FE20A3C1FE20A"><map><id i="0" s="[gosales].[Product Type &amp; Product]"/><id i="1" s="[gosales].[Product Type &amp; Product].[PRODUCTION_COST]"/><id i="2" s="[gosales].[Product Type &amp; Product].[GROSS_MARGIN]"/></map><a seq="0"><id i="0"/><id i="1"/><id i="2"/></a></t><t seq="180DAC79180DAC79"><map><id i="0" s="[].[parameterMaps].[_governor].[parameterMapEntry]"/><id i="1" s="[].[parameterMaps].[_governor].[updateQS]"/><id i="2" s="[gosales].[PRODUCT]"/><id i="3" s="[gosales].[PRODUCT].[BASE_PRODUCT_NUMBER]"/><id i="4" s="[gosales].[PRODUCT].[PRODUCT_COLOR_CODE]"/><id i="5" s="[gosales].[PRODUCT].[PRODUCT_SIZE_CODE]"/><id i="6" s="[gosales].[PRODUCT].[PRODUCT_BRAND_CODE]"/><id i="7" s="[gosales].[PRODUCT].[PRODUCT_IMAGE]"/><id i="8" s="[gosales].[PRODUCT].[PRODUCT_NUMBER]"/><id i="9" s="[gosales].[PRODUCT].[INTRODUCTION_DATE]"/><id i="10" s="[gosales].[PRODUCT].[DISCONTINUED_DATE]"/><id i="11" s="[gosales].[PRODUCT].[PRODUCT_TYPE_CODE]"/><id i="12" s="[gosales].[PRODUCT].[PRODUCTION_COST]"/><id i="13" s="[gosales].[PRODUCT].[GROSS_MARGIN]"/></map><a seq="-1"><id i="0"/><id i="1"/></a><a seq="0"><id i="2"/><id i="3"/><id i="4"/><id i="5"/><id i="6"/><id i="7"/><id i="8"/><id i="9"/><id i="10"/><id i="11"/><id i="12"/><id i="13"/></a></t></idlog>