<?xml version="1.0" encoding="UTF-8" ?>
<bmtactionlog project="C:\Edcognos\B5252\CBIFM-Start Files\Module 12\___TEMP__BACKUP___\log.xml" timestamp="20120808200111551" user="Student" version="10.2.1003.39"><transaction event="StartLog" saved="true" seq="1" timestamp="20120808195750839" uniqueId="83B2A87C83B2A87C" user="Student"/><transaction event="StartSession" saved="true" seq="2" timestamp="20120808195750839" uniqueId="83B2A87C83B2A87C" user="Student"/><transaction saved="true" seq="3" timestamp="20120808195807521" uniqueId="7C65E0F37C65E0F3"><action seq="1" type="SetActiveLocale"><inputparams><param seq="1" type="i18nstring"><value>en</value></param></inputparams><domchanges/><result success="t"><outputparams/></result></action></transaction><transaction saved="true" seq="4" timestamp="20120808195901950" uniqueId="02978A1202978A12"><action seq="1" type="Copy"><inputparams><param seq="1" type="handle"><mappingpath>namespace</mappingpath><value>[Consolidation View]</value></param><param seq="2" type="handle"><mappingpath>querySubject</mappingpath><value>[gosales].[Time (Close) (alias)]</value></param></inputparams><domchanges/><result success="t"><outputparams/></result></action></transaction><transaction saved="true" seq="5" timestamp="20120808195922925" uniqueId="6DADEA6A6DADEA6A"><action seq="1" type="Copy"><inputparams><param seq="1" type="handle"><mappingpath>namespace</mappingpath><value>[Consolidation View]</value></param><param seq="2" type="handle"><mappingpath>querySubject</mappingpath><value>[gosales].[Time (Ship) (alias)]</value></param></inputparams><domchanges/><result success="t"><outputparams/></result></action></transaction><transaction saved="true" seq="6" timestamp="20120808195933192" uniqueId="76235A1376235A13"><action seq="1" type="Modify"><inputparams><param seq="1" type="handle"><mappingpath>querySubject/name</mappingpath><value>/O/name[0]/O/[Consolidation View].[Time (Ship) (alias)]</value></param><param seq="2" type="i18nstring"><value>Time (Ship)</value></param></inputparams><domchanges/><result success="t"><outputparams/></result></action></transaction><transaction saved="true" seq="7" timestamp="20120808195942224" uniqueId="9E01594C9E01594C"><action seq="1" type="Modify"><inputparams><param seq="1" type="handle"><mappingpath>querySubject/name</mappingpath><value>/O/name[0]/O/[Consolidation View].[Time (Close) (alias)]</value></param><param seq="2" type="i18nstring"><value>Time (Close)</value></param></inputparams><domchanges/><result success="t"><outputparams/></result></action></transaction><transaction event="Save" saved="true" seq="8" timestamp="20120808200111551" uniqueId="59D7E49059D7E490" user="Student"/><transaction event="StartSession" saved="true" seq="9" timestamp="20120808200121209" uniqueId="A7CEFDB1A7CEFDB1" user="Student"/><transaction saved="true" seq="10" timestamp="20120808200127320" uniqueId="7F8D37527F8D3752"><action seq="1" type="SetActiveLocale"><inputparams><param seq="1" type="i18nstring"><value>en</value></param></inputparams><domchanges/><result success="t"><outputparams/></result></action></transaction><transaction saved="true" seq="11" timestamp="20120808200139939" uniqueId="9BE258779BE25877"><action seq="1" type="ReorderBefore"><inputparams><param seq="1" type="handle"><mappingpath>querySubject</mappingpath><value>[Consolidation View].[Time (Close)]</value></param><param seq="2" type="handle"><mappingpath>folder</mappingpath><value>[Consolidation View].[Model Filters]</value></param></inputparams><domchanges/><result success="t"><outputparams/></result></action></transaction><transaction saved="true" seq="12" timestamp="20120808200142941" uniqueId="93B3C1FD93B3C1FD"><action seq="1" type="ReorderBefore"><inputparams><param seq="1" type="handle"><mappingpath>querySubject</mappingpath><value>[Consolidation View].[Time (Ship)]</value></param><param seq="2" type="handle"><mappingpath>folder</mappingpath><value>[Consolidation View].[Model Filters]</value></param></inputparams><domchanges/><result success="t"><outputparams/></result></action></transaction><transaction event="Save" saved="true" seq="13" timestamp="20120808200149211" uniqueId="ADF77F17ADF77F17" user="Student"/><transaction event="StartSession" saved="true" seq="14" timestamp="20120912114015178" uniqueId="89DEA98A89DEA98A" user="Student"/><transaction saved="true" seq="15" timestamp="20120912114016116" uniqueId="57B8996457B89964"><action seq="1" type="SetActiveLocale"><inputparams><param seq="1" type="i18nstring"><value>en</value></param></inputparams><domchanges/><result success="t"><outputparams/></result></action></transaction><transaction saved="true" seq="16" timestamp="20120912114046947" uniqueId="EA8FC232EA8FC232"><action seq="1" type="Delete"><inputparams><param seq="1" type="handle"><mappingpath>relationship</mappingpath><value>[gosales].[COUNTRY &lt;--&gt; SALES_TARGET]</value></param></inputparams><domchanges/><result success="t"><outputparams/></result></action></transaction><transaction event="Save" saved="true" seq="17" timestamp="20120912114056120" uniqueId="C5A59AA4C5A59AA4" user="Student"/><transaction event="StartSession" saved="true" seq="18" timestamp="20150105004811859" uniqueId="AA2A7E49AA2A7E49" user="Student"/><transaction saved="true" seq="19" timestamp="20150105004812484" uniqueId="64FB9AFE64FB9AFE"><action seq="1" type="SetActiveLocale"><inputparams><param seq="1" type="i18nstring"><value>en</value></param></inputparams><domchanges/><result success="t"><outputparams/></result></action></transaction><transaction saved="true" seq="20" timestamp="20150105004821203" uniqueId="CECDD260CECDD260"><action seq="1" type="Delete"><inputparams><param seq="1" type="handle"><mappingpath>queryItem</mappingpath><value>[Consolidation View].[Products].[Production Cost]</value></param><param seq="2" type="handle"><mappingpath>queryItem</mappingpath><value>[Consolidation View].[Products].[Gross Margin]</value></param></inputparams><domchanges/><result success="t"><outputparams/></result></action></transaction><transaction saved="true" seq="21" timestamp="20150105004831578" uniqueId="3C1FE20A3C1FE20A"><action seq="1" type="Delete"><inputparams><param seq="1" type="handle"><mappingpath>queryItem</mappingpath><value>[gosales].[Product Type &amp; Product].[PRODUCTION_COST]</value></param><param seq="2" type="handle"><mappingpath>queryItem</mappingpath><value>[gosales].[Product Type &amp; Product].[GROSS_MARGIN]</value></param></inputparams><domchanges/><result success="t"><outputparams/></result></action></transaction><transaction saved="true" seq="22" timestamp="20150105004849344" uniqueId="180DAC79180DAC79"><action seq="1" type="UpdateQuerySubjects"><inputparams><param seq="1" type="bmtparams"><value><param seq="0" type="handle"><mappingpath>querySubject</mappingpath><value>[gosales].[PRODUCT]</value></param></value></param></inputparams><domchanges/><result success="t"><outputparams/></result></action></transaction><transaction event="Save" saved="true" seq="23" timestamp="20150105004917172" uniqueId="A76A529AA76A529A" user="Student"/></bmtactionlog>
