<?xml version="1.0" encoding="UTF-8" ?>
<bmtactionlog project="C:\Edcognos\B5A52\CBIFM-Start Files\Module 15\GO Operational\log.xml" timestamp="20150105035513351" user="Student" version="10.2.6100.82"><transaction event="StartLog" saved="true" seq="1" timestamp="20150105035414445" uniqueId="E43DE0D6E43DE0D6" user="Student"/><transaction event="StartSession" saved="true" seq="2" timestamp="20150105035414445" uniqueId="E43DE0D6E43DE0D6" user="Student"/><transaction saved="true" seq="3" timestamp="20150105035415070" uniqueId="2091999A2091999A"><action seq="1" type="SetActiveLocale"><inputparams><param seq="1" type="i18nstring"><value>en</value></param></inputparams><domchanges/><result success="t"><outputparams/></result></action></transaction><transaction saved="true" seq="4" timestamp="20150105035437555" uniqueId="E9E39C3EE9E39C3E"><action seq="1" type="Delete"><inputparams><param seq="1" type="handle"><mappingpath>queryItem</mappingpath><value>[Consolidation View].[Products].[Production Cost]</value></param><param seq="2" type="handle"><mappingpath>queryItem</mappingpath><value>[Consolidation View].[Products].[Gross Margin]</value></param></inputparams><domchanges/><result success="t"><outputparams/></result></action></transaction><transaction saved="true" seq="5" timestamp="20150105035451164" uniqueId="2A2234912A223491"><action seq="1" type="Delete"><inputparams><param seq="1" type="handle"><mappingpath>queryItem</mappingpath><value>[gosales].[Product Type &amp; Product].[PRODUCTION_COST]</value></param><param seq="2" type="handle"><mappingpath>queryItem</mappingpath><value>[gosales].[Product Type &amp; Product].[GROSS_MARGIN]</value></param></inputparams><domchanges/><result success="t"><outputparams/></result></action></transaction><transaction saved="true" seq="6" timestamp="20150105035502586" uniqueId="53F85C0D53F85C0D"><action seq="1" type="UpdateQuerySubjects"><inputparams><param seq="1" type="bmtparams"><value><param seq="0" type="handle"><mappingpath>querySubject</mappingpath><value>[gosales].[PRODUCT]</value></param></value></param></inputparams><domchanges/><result success="t"><outputparams/></result></action></transaction><transaction event="Save" saved="true" seq="7" timestamp="20150105035513351" uniqueId="8C2BA50E8C2BA50E" user="Student"/></bmtactionlog>
