<?xml version="1.0" encoding="UTF-8"?><idlog><t seq="ED30ED36ED30ED36"><map><id i="0" s="[Dimensional View].[Products].[Products].[Product].[Production Cost]"/><id i="1" s="[Dimensional View].[Products].[Products].[Product].[Gross Margin]"/></map><a seq="0"><id i="0"/><id i="1"/></a></t><t seq="B85CA155B85CA155"><map><id i="0" s="[Consolidation View].[Products].[Production Cost]"/><id i="1" s="[Consolidation View].[Products].[Gross Margin]"/></map><a seq="0"><id i="0"/><id i="1"/></a></t><t seq="908FB280908FB280"><map></map></t><t seq="908FB280908FB280"><map></map></t><t seq="F713BA4EF713BA4E"><map></map></t><t seq="F713BA4EF713BA4E"><map></map></t><t seq="D79A041AD79A041A"><map><id i="0" s="[gosales].[Product Type &amp; Product].[PRODUCTION_COST]"/><id i="1" s="[gosales].[Product Type &amp; Product].[GROSS_MARGIN]"/><id i="2" s="[gosales].[Product Type &amp; Product]"/></map><a seq="0"><id i="0"/><id i="1"/><id i="2"/></a></t><t seq="542600A1542600A1"><map><id i="0" s="[].[parameterMaps].[_governor].[parameterMapEntry]"/><id i="1" s="[].[parameterMaps].[_governor].[updateQS]"/><id i="2" s="[gosales].[PRODUCT].[PRODUCTION_COST]"/><id i="3" s="[gosales].[PRODUCT].[GROSS_MARGIN]"/><id i="4" s="[gosales].[PRODUCT]"/><id i="5" s="[gosales].[PRODUCT].[PRODUCT_NUMBER]"/><id i="6" s="[gosales].[PRODUCT].[BASE_PRODUCT_NUMBER]"/><id i="7" s="[gosales].[PRODUCT].[INTRODUCTION_DATE]"/><id i="8" s="[gosales].[PRODUCT].[DISCONTINUED_DATE]"/><id i="9" s="[gosales].[PRODUCT].[PRODUCT_TYPE_CODE]"/><id i="10" s="[gosales].[PRODUCT].[PRODUCT_COLOR_CODE]"/><id i="11" s="[gosales].[PRODUCT].[PRODUCT_SIZE_CODE]"/><id i="12" s="[gosales].[PRODUCT].[PRODUCT_BRAND_CODE]"/><id i="13" s="[gosales].[PRODUCT].[PRODUCT_IMAGE]"/></map><a seq="-1"><id i="0"/><id i="1"/></a><a seq="0"><id i="2"/><id i="3"/><id i="4"/><id i="5"/><id i="6"/><id i="7"/><id i="8"/><id i="9"/><id i="10"/><id i="11"/><id i="12"/><id i="13"/></a></t></idlog>