<?xml version="1.0" encoding="UTF-8" ?>
<bmtactionlog project="C:\Edcognos\B5A52\CBIFM-Start Files\Appendix A\GO Operational\log.xml" timestamp="20150113160045564" user="Student" version="10.2.6100.82"><transaction event="StartLog" saved="true" seq="1" timestamp="20150113155909346" uniqueId="D3A3C20CD3A3C20C" user="Student"/><transaction event="StartSession" saved="true" seq="2" timestamp="20150113155909346" uniqueId="D3A3C20CD3A3C20C" user="Student"/><transaction saved="true" seq="3" timestamp="20150113155910033" uniqueId="67F5B8E167F5B8E1"><action seq="1" type="SetActiveLocale"><inputparams><param seq="1" type="i18nstring"><value>en</value></param></inputparams><domchanges/><result success="t"><outputparams/></result></action></transaction><transaction saved="true" seq="4" timestamp="20150113155922346" uniqueId="ED30ED36ED30ED36"><action seq="1" type="Delete"><inputparams><param seq="1" type="handle"><mappingpath>queryItem</mappingpath><value>[Dimensional View].[Products].[Products].[Product].[Gross Margin]</value></param><param seq="2" type="handle"><mappingpath>queryItem</mappingpath><value>[Dimensional View].[Products].[Products].[Product].[Production Cost]</value></param></inputparams><domchanges/><result success="t"><outputparams/></result></action></transaction><transaction saved="true" seq="5" timestamp="20150113155930252" uniqueId="B85CA155B85CA155"><action seq="1" type="Delete"><inputparams><param seq="1" type="handle"><mappingpath>queryItem</mappingpath><value>[Consolidation View].[Products].[Gross Margin]</value></param><param seq="2" type="handle"><mappingpath>queryItem</mappingpath><value>[Consolidation View].[Products].[Production Cost]</value></param></inputparams><domchanges/><result success="t"><outputparams/></result></action></transaction><transaction saved="true" seq="6" timestamp="20150113160012346" uniqueId="D79A041AD79A041A"><action seq="1" type="Delete"><inputparams><param seq="1" type="handle"><mappingpath>queryItem</mappingpath><value>[gosales].[Product Type &amp; Product].[PRODUCTION_COST]</value></param><param seq="2" type="handle"><mappingpath>queryItem</mappingpath><value>[gosales].[Product Type &amp; Product].[GROSS_MARGIN]</value></param></inputparams><domchanges/><result success="t"><outputparams/></result></action></transaction><transaction saved="true" seq="7" timestamp="20150113160022127" uniqueId="542600A1542600A1"><action seq="1" type="UpdateQuerySubjects"><inputparams><param seq="1" type="bmtparams"><value><param seq="0" type="handle"><mappingpath>querySubject</mappingpath><value>[gosales].[PRODUCT]</value></param></value></param></inputparams><domchanges/><result success="t"><outputparams/></result></action></transaction><transaction event="Save" saved="true" seq="8" timestamp="20150113160045564" uniqueId="B52EE933B52EE933" user="Student"/></bmtactionlog>
