<?xml version="1.0" encoding="UTF-8" ?>
<bmtactionlog project="C:\Edcognos\B5A52\CBIFM-Start Files\Appendix B\GO Operational\log.xml" timestamp="20150113161215471" user="Student" version="10.2.6100.82"><transaction event="StartLog" saved="true" seq="1" timestamp="20150113161120127" uniqueId="C2CEB6AAC2CEB6AA" user="Student"/><transaction event="StartSession" saved="true" seq="2" timestamp="20150113161120127" uniqueId="C2CEB6AAC2CEB6AA" user="Student"/><transaction saved="true" seq="3" timestamp="20150113161120893" uniqueId="C02CCC06C02CCC06"><action seq="1" type="SetActiveLocale"><inputparams><param seq="1" type="i18nstring"><value>en</value></param></inputparams><domchanges/><result success="t"><outputparams/></result></action></transaction><transaction saved="true" seq="4" timestamp="20150113161136330" uniqueId="C49DEF94C49DEF94"><action seq="1" type="Delete"><inputparams><param seq="1" type="handle"><mappingpath>queryItem</mappingpath><value>[Dimensional View].[Products].[Products].[Product].[Gross Margin]</value></param><param seq="2" type="handle"><mappingpath>queryItem</mappingpath><value>[Dimensional View].[Products].[Products].[Product].[Production Cost]</value></param></inputparams><domchanges/><result success="t"><outputparams/></result></action></transaction><transaction saved="true" seq="5" timestamp="20150113161142502" uniqueId="76E0A34E76E0A34E"><action seq="1" type="Delete"><inputparams><param seq="1" type="handle"><mappingpath>queryItem</mappingpath><value>[Consolidation View].[Products].[Gross Margin]</value></param><param seq="2" type="handle"><mappingpath>queryItem</mappingpath><value>[Consolidation View].[Products].[Production Cost]</value></param></inputparams><domchanges/><result success="t"><outputparams/></result></action></transaction><transaction saved="true" seq="6" timestamp="20150113161156314" uniqueId="1E3387111E338711"><action seq="1" type="Delete"><inputparams><param seq="1" type="handle"><mappingpath>queryItem</mappingpath><value>[gosales].[Product Type &amp; Product].[GROSS_MARGIN]</value></param><param seq="2" type="handle"><mappingpath>queryItem</mappingpath><value>[gosales].[Product Type &amp; Product].[PRODUCTION_COST]</value></param></inputparams><domchanges/><result success="t"><outputparams/></result></action></transaction><transaction saved="true" seq="7" timestamp="20150113161204361" uniqueId="0A38B82D0A38B82D"><action seq="1" type="UpdateQuerySubjects"><inputparams><param seq="1" type="bmtparams"><value><param seq="0" type="handle"><mappingpath>querySubject</mappingpath><value>[gosales].[PRODUCT]</value></param></value></param></inputparams><domchanges/><result success="t"><outputparams/></result></action></transaction><transaction event="Save" saved="true" seq="8" timestamp="20150113161215471" uniqueId="D989FBB5D989FBB5" user="Student"/></bmtactionlog>
