<?xml version="1.0" encoding="UTF-8" ?>
<bmtactionlog project="C:\Edcognos\B5A52\CBIFM-Start Files\Module 13\GO Operational\log.xml" timestamp="20141104162409565" user="Student" version="10.2.6100.67"><transaction event="StartLog" saved="true" seq="1" timestamp="20141104162313487" uniqueId="08CF819208CF8192" user="Student"/><transaction event="StartSession" saved="true" seq="2" timestamp="20141104162313487" uniqueId="08CF819208CF8192" user="Student"/><transaction saved="true" seq="3" timestamp="20141104162314550" uniqueId="36ECF3F736ECF3F7"><action seq="1" type="SetActiveLocale"><inputparams><param seq="1" type="i18nstring"><value>en</value></param></inputparams><domchanges/><result success="t"><outputparams/></result></action></transaction><transaction saved="true" seq="4" timestamp="20141104162348675" uniqueId="617D3D21617D3D21"><action seq="1" type="UpdateObject"><inputparams><param seq="1" type="handle"><mappingpath>querySubject</mappingpath><value>[gosales].[EMPLOYEE_HISTORY]</value></param><param seq="2" type="cclnode"><value><![CDATA[<updateObjectRequest><tasks><task name="removeProperty"><parameters><param name="propertyType" value="filter"/><param name="propertyIndex" value="0"/></parameters></task></tasks></updateObjectRequest>]]></value></param></inputparams><domchanges/><result success="t"><outputparams/></result></action></transaction><transaction event="Save" saved="true" seq="5" timestamp="20141104162409565" uniqueId="DCB0EEADDCB0EEAD" user="Student"/><transaction event="StartSession" saved="true" seq="6" timestamp="20150105012404945" uniqueId="18E7DCFC18E7DCFC" user="Student"/><transaction saved="true" seq="7" timestamp="20150105012406664" uniqueId="E5BD1920E5BD1920"><action seq="1" type="SetActiveLocale"><inputparams><param seq="1" type="i18nstring"><value>en</value></param></inputparams><domchanges/><result success="t"><outputparams/></result></action></transaction><transaction saved="true" seq="8" timestamp="20150105012435930" uniqueId="97418EBA97418EBA"><action seq="1" type="Delete"><inputparams><param seq="1" type="handle"><mappingpath>queryItem</mappingpath><value>[Consolidation View].[Products].[Production Cost]</value></param><param seq="2" type="handle"><mappingpath>queryItem</mappingpath><value>[Consolidation View].[Products].[Gross Margin]</value></param></inputparams><domchanges/><result success="t"><outputparams/></result></action></transaction><transaction saved="true" seq="9" timestamp="20150105012445758" uniqueId="56111DA056111DA0"><action seq="1" type="Delete"><inputparams><param seq="1" type="handle"><mappingpath>queryItem</mappingpath><value>[gosales].[Product Type &amp; Product].[PRODUCTION_COST]</value></param><param seq="2" type="handle"><mappingpath>queryItem</mappingpath><value>[gosales].[Product Type &amp; Product].[GROSS_MARGIN]</value></param></inputparams><domchanges/><result success="t"><outputparams/></result></action></transaction><transaction saved="true" seq="10" timestamp="20150105012453711" uniqueId="D18B6947D18B6947"><action seq="1" type="UpdateQuerySubjects"><inputparams><param seq="1" type="bmtparams"><value><param seq="0" type="handle"><mappingpath>querySubject</mappingpath><value>[gosales].[PRODUCT]</value></param></value></param></inputparams><domchanges/><result success="t"><outputparams/></result></action></transaction><transaction event="Save" saved="true" seq="11" timestamp="20150105012511664" uniqueId="621DB6C6621DB6C6" user="Student"/></bmtactionlog>
