<?xml version="1.0" encoding="UTF-8" ?>
<bmtactionlog project="C:\Edcognos\B5A52\Course_Project\GO Operational\log.xml" timestamp="20141128123747230" user="Student" version="10.2.6100.82"><transaction event="StartLog" saved="true" seq="1" timestamp="20141128123732964" uniqueId="1486C9941486C994" user="Student"/><transaction event="StartSession" saved="true" seq="2" timestamp="20141128123732964" uniqueId="1486C9941486C994" user="Student"/><transaction saved="true" seq="3" timestamp="20141128123747214" uniqueId="FD2386F4FD2386F4"><action seq="1" type="SetDefaultLocale"><inputparams><param seq="1" type="i18nstring"><value>en</value></param></inputparams><domchanges/><result success="t"><outputparams/></result></action></transaction><transaction saved="true" seq="4" timestamp="20141128123747214" uniqueId="6347135763471357"><action seq="1" type="SetActiveLocale"><inputparams><param seq="1" type="i18nstring"><value>en</value></param></inputparams><domchanges/><result success="t"><outputparams/></result></action></transaction><transaction event="Save" saved="true" seq="5" timestamp="20141128123747230" uniqueId="73A832AB73A832AB" user="Student"/><transaction saved="true" seq="6" timestamp="20141128123747245" uniqueId="929981D1929981D1"><action seq="1" type="Modify"><inputparams><param seq="1" type="handle"><mappingpath>project/name</mappingpath><value>/O/name[0]/O/[]</value></param><param seq="2" type="i18nstring"><value>GO Operational</value></param></inputparams><domchanges/><result success="t"><outputparams/></result></action></transaction><transaction saved="true" seq="7" timestamp="20141128123747511" uniqueId="1AEE8E111AEE8E11"><action seq="1" type="Modify"><inputparams><param seq="1" type="handle"><mappingpath>namespace/name</mappingpath><value>/O/name[0]/O/[Model]</value></param><param seq="2" type="i18nstring"><value>Model</value></param></inputparams><domchanges/><result success="t"><outputparams/></result></action></transaction><transaction saved="true" seq="8" timestamp="20141128123822230" uniqueId="92EF620492EF6204"><action seq="1" type="Modify"><inputparams><param seq="1" type="handle"><mappingpath>namespace/name</mappingpath><value>/O/name[0]/O/[Model]</value></param><param seq="2" type="i18nstring"><value>GO Operational Model</value></param></inputparams><domchanges/><result success="t"><outputparams/></result></action></transaction><transaction saved="true" seq="9" timestamp="20141128123840198" uniqueId="33EB216F33EB216F"><action seq="1" type="Create"><inputparams><param seq="1" type="integer"><value>19</value></param><param seq="2" type="handle"><mappingpath>namespace</mappingpath><value>[GO Operational Model]</value></param><param seq="3" type="i18nstring"><value>New Namespace</value></param><param seq="4" type="integer"><value>1</value></param></inputparams><domchanges/><result success="t"><outputparams/></result></action></transaction><transaction saved="true" seq="10" timestamp="20141128123854308" uniqueId="7EC244B17EC244B1"><action seq="1" type="Modify"><inputparams><param seq="1" type="handle"><mappingpath>namespace/name</mappingpath><value>/O/name[0]/O/[New Namespace]</value></param><param seq="2" type="i18nstring"><value>Foundation Objects View</value></param></inputparams><domchanges/><result success="t"><outputparams/></result></action></transaction><transaction saved="true" seq="11" timestamp="20141128123904308" uniqueId="79593A3279593A32"><action seq="1" type="Create"><inputparams><param seq="1" type="integer"><value>19</value></param><param seq="2" type="handle"><mappingpath>namespace</mappingpath><value>[Foundation Objects View]</value></param><param seq="3" type="i18nstring"><value>New Namespace</value></param><param seq="4" type="integer"><value>1</value></param></inputparams><domchanges/><result success="t"><outputparams/></result></action></transaction><transaction saved="true" seq="12" timestamp="20141128123921292" uniqueId="84F369D284F369D2"><action seq="1" type="Modify"><inputparams><param seq="1" type="handle"><mappingpath>namespace/name</mappingpath><value>/O/name[0]/O/[New Namespace]</value></param><param seq="2" type="i18nstring"><value>gosales</value></param></inputparams><domchanges/><result success="t"><outputparams/></result></action></transaction><transaction saved="true" seq="13" timestamp="20141128123935308" uniqueId="6A8E563F6A8E563F"><action seq="1" type="DBImport"><inputparams><param seq="1" type="handle"><mappingpath>namespace</mappingpath><value>[gosales]</value></param><param seq="2" type="cclnode"><value><![CDATA[<item Name="GOSALES2" Type="database" Value="partial" dbType="D2" description="" isSystem="false" screenTip=""><item Name="GOSALES" Type="schema" Value="partial"><item Name="Tables" Type="tables" Value="partial"><item Name="BRANCH" Type="table" Value="false"/><item Name="CONVERSION_RATE" Type="table" Value="false"/><item Name="COUNTRY" Type="table" Value="false"/><item Name="CURRENCY_LOOKUP" Type="table" Value="false"/><item Name="EURO_CONVERSION" Type="table" Value="false"/><item Name="INVENTORY_LEVELS" Type="table" Value="false"/><item Name="ORDER_DETAILS" Type="table" Value="true"/><item Name="ORDER_HEADER" Type="table" Value="true"/><item Name="ORDER_METHOD" Type="table" Value="true"/><item Name="PRODUCT" Type="table" Value="true"/><item Name="PRODUCT_BRAND" Type="table" Value="false"/><item Name="PRODUCT_COLOR_LOOKUP" Type="table" Value="false"/><item Name="PRODUCT_FORECAST" Type="table" Value="false"/><item Name="PRODUCT_LINE" Type="table" Value="true"/><item Name="PRODUCT_NAME_LOOKUP" Type="table" Value="true"/><item Name="PRODUCT_SIZE_LOOKUP" Type="table" Value="false"/><item Name="PRODUCT_TYPE" Type="table" Value="true"/><item Name="RETURNED_ITEM" Type="table" Value="false"/><item Name="RETURN_REASON" Type="table" Value="false"/><item Name="SALES_REGION" Type="table" Value="false"/><item Name="SALES_TARGET" Type="table" Value="false"/><item Name="TIME_DIMENSION" Type="table" Value="false"/><item Name="TIME_QUARTER_LOOKUP" Type="table" Value="false"/><item Name="XGOREV" Type="table" Value="false"/></item><item Name="Views" Type="views" Value="false"/><item Name="Synonyms" Type="synonyms" Value="false"/><item Name="Procedures" Type="procedures" Value="false"/><item Name="Functions" Type="functions" Value="false"/><item Name="System Objects" Type="sysObjects" Value="false"/></item><item Name="GOSALESDW" Type="schema" Value="false"/><item Name="GOSALESHR" Type="schema" Value="false"/><item Name="GOSALESMR" Type="schema" Value="false"/><item Name="GOSALESRT" Type="schema" Value="false"/><item Name="SQLJ" Type="schema" Value="false"/></item>]]></value></param><param seq="3" type="integer"><value>0</value></param><param seq="4" type="integer"><value>1</value></param><param seq="5" type="integer"><value>1</value></param><param seq="6" type="integer"><value>0</value></param><param seq="7" type="integer"><value>0</value></param><param seq="8" type="integer"><value>0</value></param><param seq="9" type="integer"><value>0</value></param><param seq="10" type="integer"><value>1</value></param><param seq="11" type="integer"><value>0</value></param><param seq="12" type="integer"><value>0</value></param></inputparams><domchanges/><result success="t"><outputparams/></result></action><action seq="2" type="DBRelease"><inputparams/><domchanges/><result success="t"><outputparams/></result></action></transaction><transaction saved="true" seq="14" timestamp="20141128124955483" uniqueId="61F9254461F92544"><action seq="1" type="Modify"><inputparams><param seq="1" type="handle"><mappingpath>dataSource/queryProcessing</mappingpath><value>/O/queryProcessing[0]/O/[].[dataSources].[GOSALES2]</value></param><param seq="2" type="i18nstring"><value>limitedLocal</value></param></inputparams><domchanges/><result success="t"><outputparams/></result></action></transaction><transaction saved="true" seq="15" timestamp="20141128125049593" uniqueId="A4ADFE8CA4ADFE8C"><action seq="1" type="ResetPromptValues"><inputparams><param seq="1" type="integer"><value>1</value></param></inputparams><domchanges/><result success="t"><outputparams/></result></action><action seq="2" type="ResetPromptValues"><inputparams><param seq="1" type="integer"><value>1</value></param></inputparams><domchanges/><result success="t"><outputparams/></result></action></transaction><transaction saved="true" seq="16" timestamp="20141128125203155" uniqueId="7F80ABD87F80ABD8"><action seq="1" type="Create"><inputparams><param seq="1" type="integer"><value>15</value></param><param seq="2" type="handle"><mappingpath>parameterMap/[@hidden=true]</mappingpath><value>[].[parameterMaps].[_governor]</value></param><param seq="3" type="i18nstring"><value>maxTablesPerQuery</value></param><param seq="4" type="integer"><value>0</value></param></inputparams><domchanges/><result success="t"><outputparams/></result></action><action seq="2" type="Modify"><inputparams><param seq="1" type="handle"><mappingpath>parameterMapEntry/value</mappingpath><value>/O/value[0]/O/[].[parameterMaps].[_governor].[maxTablesPerQuery]</value></param><param seq="2" type="i18nstring"><value>0</value></param></inputparams><domchanges/><result success="t"><outputparams/></result></action><action seq="3" type="Create"><inputparams><param seq="1" type="integer"><value>15</value></param><param seq="2" type="handle"><mappingpath>parameterMap/[@hidden=true]</mappingpath><value>[].[parameterMaps].[_governor]</value></param><param seq="3" type="i18nstring"><value>maxRowsRetrieved</value></param><param seq="4" type="integer"><value>0</value></param></inputparams><domchanges/><result success="t"><outputparams/></result></action><action seq="4" type="Modify"><inputparams><param seq="1" type="handle"><mappingpath>parameterMapEntry/value</mappingpath><value>/O/value[0]/O/[].[parameterMaps].[_governor].[maxRowsRetrieved]</value></param><param seq="2" type="i18nstring"><value>0</value></param></inputparams><domchanges/><result success="t"><outputparams/></result></action><action seq="5" type="Create"><inputparams><param seq="1" type="integer"><value>15</value></param><param seq="2" type="handle"><mappingpath>parameterMap/[@hidden=true]</mappingpath><value>[].[parameterMaps].[_governor]</value></param><param seq="3" type="i18nstring"><value>maxQueryExecutionTime</value></param><param seq="4" type="integer"><value>0</value></param></inputparams><domchanges/><result success="t"><outputparams/></result></action><action seq="6" type="Modify"><inputparams><param seq="1" type="handle"><mappingpath>parameterMapEntry/value</mappingpath><value>/O/value[0]/O/[].[parameterMaps].[_governor].[maxQueryExecutionTime]</value></param><param seq="2" type="i18nstring"><value>0</value></param></inputparams><domchanges/><result success="t"><outputparams/></result></action><action seq="7" type="Create"><inputparams><param seq="1" type="integer"><value>15</value></param><param seq="2" type="handle"><mappingpath>parameterMap/[@hidden=true]</mappingpath><value>[].[parameterMaps].[_governor]</value></param><param seq="3" type="i18nstring"><value>maxTextBlobCharacters</value></param><param seq="4" type="integer"><value>0</value></param></inputparams><domchanges/><result success="t"><outputparams/></result></action><action seq="8" type="Modify"><inputparams><param seq="1" type="handle"><mappingpath>parameterMapEntry/value</mappingpath><value>/O/value[0]/O/[].[parameterMaps].[_governor].[maxTextBlobCharacters]</value></param><param seq="2" type="i18nstring"><value>0</value></param></inputparams><domchanges/><result success="t"><outputparams/></result></action><action seq="9" type="Create"><inputparams><param seq="1" type="integer"><value>15</value></param><param seq="2" type="handle"><mappingpath>parameterMap/[@hidden=true]</mappingpath><value>[].[parameterMaps].[_governor]</value></param><param seq="3" type="i18nstring"><value>useMetadataCallback</value></param><param seq="4" type="integer"><value>0</value></param></inputparams><domchanges/><result success="t"><outputparams/></result></action><action seq="10" type="Modify"><inputparams><param seq="1" type="handle"><mappingpath>parameterMapEntry/value</mappingpath><value>/O/value[0]/O/[].[parameterMaps].[_governor].[useMetadataCallback]</value></param><param seq="2" type="i18nstring"><value>true</value></param></inputparams><domchanges/><result success="t"><outputparams/></result></action><action seq="11" type="Create"><inputparams><param seq="1" type="integer"><value>15</value></param><param seq="2" type="handle"><mappingpath>parameterMap/[@hidden=true]</mappingpath><value>[].[parameterMaps].[_governor]</value></param><param seq="3" type="i18nstring"><value>localCache</value></param><param seq="4" type="integer"><value>0</value></param></inputparams><domchanges/><result success="t"><outputparams/></result></action><action seq="12" type="Modify"><inputparams><param seq="1" type="handle"><mappingpath>parameterMapEntry/value</mappingpath><value>/O/value[0]/O/[].[parameterMaps].[_governor].[localCache]</value></param><param seq="2" type="i18nstring"><value>true</value></param></inputparams><domchanges/><result success="t"><outputparams/></result></action><action seq="13" type="Create"><inputparams><param seq="1" type="integer"><value>15</value></param><param seq="2" type="handle"><mappingpath>parameterMap/[@hidden=true]</mappingpath><value>[].[parameterMaps].[_governor]</value></param><param seq="3" type="i18nstring"><value>dynamicDimensionInfo</value></param><param seq="4" type="integer"><value>0</value></param></inputparams><domchanges/><result success="t"><outputparams/></result></action><action seq="14" type="Modify"><inputparams><param seq="1" type="handle"><mappingpath>parameterMapEntry/value</mappingpath><value>/O/value[0]/O/[].[parameterMaps].[_governor].[dynamicDimensionInfo]</value></param><param seq="2" type="i18nstring"><value>false</value></param></inputparams><domchanges/><result success="t"><outputparams/></result></action><action seq="15" type="Create"><inputparams><param seq="1" type="integer"><value>15</value></param><param seq="2" type="handle"><mappingpath>parameterMap/[@hidden=true]</mappingpath><value>[].[parameterMaps].[_governor]</value></param><param seq="3" type="i18nstring"><value>useSQLWithClause</value></param><param seq="4" type="integer"><value>0</value></param></inputparams><domchanges/><result success="t"><outputparams/></result></action><action seq="16" type="Modify"><inputparams><param seq="1" type="handle"><mappingpath>parameterMapEntry/value</mappingpath><value>/O/value[0]/O/[].[parameterMaps].[_governor].[useSQLWithClause]</value></param><param seq="2" type="i18nstring"><value>false</value></param></inputparams><domchanges/><result success="t"><outputparams/></result></action><action seq="17" type="Create"><inputparams><param seq="1" type="integer"><value>15</value></param><param seq="2" type="handle"><mappingpath>parameterMap/[@hidden=true]</mappingpath><value>[].[parameterMaps].[_governor]</value></param><param seq="3" type="i18nstring"><value>suppress</value></param><param seq="4" type="integer"><value>0</value></param></inputparams><domchanges/><result success="t"><outputparams/></result></action><action seq="18" type="Modify"><inputparams><param seq="1" type="handle"><mappingpath>parameterMapEntry/value</mappingpath><value>/O/value[0]/O/[].[parameterMaps].[_governor].[suppress]</value></param><param seq="2" type="i18nstring"><value>nulls</value></param></inputparams><domchanges/><result success="t"><outputparams/></result></action><action seq="19" type="Create"><inputparams><param seq="1" type="integer"><value>15</value></param><param seq="2" type="handle"><mappingpath>parameterMap/[@hidden=true]</mappingpath><value>[].[parameterMaps].[_governor]</value></param><param seq="3" type="i18nstring"><value>processAllModelWhenPublishing</value></param><param seq="4" type="integer"><value>0</value></param></inputparams><domchanges/><result success="t"><outputparams/></result></action><action seq="20" type="Modify"><inputparams><param seq="1" type="handle"><mappingpath>parameterMapEntry/value</mappingpath><value>/O/value[0]/O/[].[parameterMaps].[_governor].[processAllModelWhenPublishing]</value></param><param seq="2" type="i18nstring"><value>false</value></param></inputparams><domchanges/><result success="t"><outputparams/></result></action><action seq="21" type="Create"><inputparams><param seq="1" type="integer"><value>15</value></param><param seq="2" type="handle"><mappingpath>parameterMap/[@hidden=true]</mappingpath><value>[].[parameterMaps].[_governor]</value></param><param seq="3" type="i18nstring"><value>maxPersonalDataSources</value></param><param seq="4" type="integer"><value>0</value></param></inputparams><domchanges/><result success="t"><outputparams/></result></action><action seq="22" type="Modify"><inputparams><param seq="1" type="handle"><mappingpath>parameterMapEntry/value</mappingpath><value>/O/value[0]/O/[].[parameterMaps].[_governor].[maxPersonalDataSources]</value></param><param seq="2" type="i18nstring"><value>1</value></param></inputparams><domchanges/><result success="t"><outputparams/></result></action><action seq="23" type="Create"><inputparams><param seq="1" type="integer"><value>15</value></param><param seq="2" type="handle"><mappingpath>parameterMap/[@hidden=true]</mappingpath><value>[].[parameterMaps].[_governor]</value></param><param seq="3" type="i18nstring"><value>maxPersonalDataFileSize</value></param><param seq="4" type="integer"><value>0</value></param></inputparams><domchanges/><result success="t"><outputparams/></result></action><action seq="24" type="Modify"><inputparams><param seq="1" type="handle"><mappingpath>parameterMapEntry/value</mappingpath><value>/O/value[0]/O/[].[parameterMaps].[_governor].[maxPersonalDataFileSize]</value></param><param seq="2" type="i18nstring"><value>2500</value></param></inputparams><domchanges/><result success="t"><outputparams/></result></action><action seq="25" type="Create"><inputparams><param seq="1" type="integer"><value>15</value></param><param seq="2" type="handle"><mappingpath>parameterMap/[@hidden=true]</mappingpath><value>[].[parameterMaps].[_governor]</value></param><param seq="3" type="i18nstring"><value>maxPersonalDataRowCount</value></param><param seq="4" type="integer"><value>0</value></param></inputparams><domchanges/><result success="t"><outputparams/></result></action><action seq="26" type="Modify"><inputparams><param seq="1" type="handle"><mappingpath>parameterMapEntry/value</mappingpath><value>/O/value[0]/O/[].[parameterMaps].[_governor].[maxPersonalDataRowCount]</value></param><param seq="2" type="i18nstring"><value>1000</value></param></inputparams><domchanges/><result success="t"><outputparams/></result></action><action seq="27" type="Create"><inputparams><param seq="1" type="integer"><value>15</value></param><param seq="2" type="handle"><mappingpath>parameterMap/[@hidden=true]</mappingpath><value>[].[parameterMaps].[_governor]</value></param><param seq="3" type="i18nstring"><value>cachePolicyConnectionCommandBlocks</value></param><param seq="4" type="integer"><value>0</value></param></inputparams><domchanges/><result success="t"><outputparams/></result></action><action seq="28" type="Modify"><inputparams><param seq="1" type="handle"><mappingpath>parameterMapEntry/value</mappingpath><value>/O/value[0]/O/[].[parameterMaps].[_governor].[cachePolicyConnectionCommandBlocks]</value></param><param seq="2" type="i18nstring"><value>true</value></param></inputparams><domchanges/><result success="t"><outputparams/></result></action><action seq="29" type="Create"><inputparams><param seq="1" type="integer"><value>15</value></param><param seq="2" type="handle"><mappingpath>parameterMap/[@hidden=true]</mappingpath><value>[].[parameterMaps].[_governor]</value></param><param seq="3" type="i18nstring"><value>outerJoinAllowed</value></param><param seq="4" type="integer"><value>0</value></param></inputparams><domchanges/><result success="t"><outputparams/></result></action><action seq="30" type="Modify"><inputparams><param seq="1" type="handle"><mappingpath>parameterMapEntry/value</mappingpath><value>/O/value[0]/O/[].[parameterMaps].[_governor].[outerJoinAllowed]</value></param><param seq="2" type="i18nstring"><value>0</value></param></inputparams><domchanges/><result success="t"><outputparams/></result></action><action seq="31" type="Create"><inputparams><param seq="1" type="integer"><value>15</value></param><param seq="2" type="handle"><mappingpath>parameterMap/[@hidden=true]</mappingpath><value>[].[parameterMaps].[_governor]</value></param><param seq="3" type="i18nstring"><value>crossProductAllowed</value></param><param seq="4" type="integer"><value>0</value></param></inputparams><domchanges/><result success="t"><outputparams/></result></action><action seq="32" type="Modify"><inputparams><param seq="1" type="handle"><mappingpath>parameterMapEntry/value</mappingpath><value>/O/value[0]/O/[].[parameterMaps].[_governor].[crossProductAllowed]</value></param><param seq="2" type="i18nstring"><value>2</value></param></inputparams><domchanges/><result success="t"><outputparams/></result></action><action seq="33" type="Create"><inputparams><param seq="1" type="integer"><value>15</value></param><param seq="2" type="handle"><mappingpath>parameterMap/[@hidden=true]</mappingpath><value>[].[parameterMaps].[_governor]</value></param><param seq="3" type="i18nstring"><value>shortcutProcessing</value></param><param seq="4" type="integer"><value>0</value></param></inputparams><domchanges/><result success="t"><outputparams/></result></action><action seq="34" type="Modify"><inputparams><param seq="1" type="handle"><mappingpath>parameterMapEntry/value</mappingpath><value>/O/value[0]/O/[].[parameterMaps].[_governor].[shortcutProcessing]</value></param><param seq="2" type="i18nstring"><value>explicit</value></param></inputparams><domchanges/><result success="t"><outputparams/></result></action><action seq="35" type="Create"><inputparams><param seq="1" type="integer"><value>15</value></param><param seq="2" type="handle"><mappingpath>parameterMap/[@hidden=true]</mappingpath><value>[].[parameterMaps].[_governor]</value></param><param seq="3" type="i18nstring"><value>useSQLJoinSyntax</value></param><param seq="4" type="integer"><value>0</value></param></inputparams><domchanges/><result success="t"><outputparams/></result></action><action seq="36" type="Modify"><inputparams><param seq="1" type="handle"><mappingpath>parameterMapEntry/value</mappingpath><value>/O/value[0]/O/[].[parameterMaps].[_governor].[useSQLJoinSyntax]</value></param><param seq="2" type="i18nstring"><value>unknown</value></param></inputparams><domchanges/><result success="t"><outputparams/></result></action><action seq="37" type="Create"><inputparams><param seq="1" type="integer"><value>15</value></param><param seq="2" type="handle"><mappingpath>parameterMap/[@hidden=true]</mappingpath><value>[].[parameterMaps].[_governor]</value></param><param seq="3" type="i18nstring"><value>categorizeByMeasureDimensionQueryItems</value></param><param seq="4" type="integer"><value>0</value></param></inputparams><domchanges/><result success="t"><outputparams/></result></action><action seq="38" type="Modify"><inputparams><param seq="1" type="handle"><mappingpath>parameterMapEntry/value</mappingpath><value>/O/value[0]/O/[].[parameterMaps].[_governor].[categorizeByMeasureDimensionQueryItems]</value></param><param seq="2" type="i18nstring"><value>unknown</value></param></inputparams><domchanges/><result success="t"><outputparams/></result></action><action seq="39" type="Create"><inputparams><param seq="1" type="integer"><value>15</value></param><param seq="2" type="handle"><mappingpath>parameterMap/[@hidden=true]</mappingpath><value>[].[parameterMaps].[_governor]</value></param><param seq="3" type="i18nstring"><value>SQLgenerationForLevelAttributes</value></param><param seq="4" type="integer"><value>0</value></param></inputparams><domchanges/><result success="t"><outputparams/></result></action><action seq="40" type="Modify"><inputparams><param seq="1" type="handle"><mappingpath>parameterMapEntry/value</mappingpath><value>/O/value[0]/O/[].[parameterMaps].[_governor].[SQLgenerationForLevelAttributes]</value></param><param seq="2" type="i18nstring"><value>ServerDetermined</value></param></inputparams><domchanges/><result success="t"><outputparams/></result></action><action seq="41" type="Create"><inputparams><param seq="1" type="integer"><value>15</value></param><param seq="2" type="handle"><mappingpath>parameterMap/[@hidden=true]</mappingpath><value>[].[parameterMaps].[_governor]</value></param><param seq="3" type="i18nstring"><value>SQLgenerationForDeterminantAttributes</value></param><param seq="4" type="integer"><value>0</value></param></inputparams><domchanges/><result success="t"><outputparams/></result></action><action seq="42" type="Modify"><inputparams><param seq="1" type="handle"><mappingpath>parameterMapEntry/value</mappingpath><value>/O/value[0]/O/[].[parameterMaps].[_governor].[SQLgenerationForDeterminantAttributes]</value></param><param seq="2" type="i18nstring"><value>ServerDetermined</value></param></inputparams><domchanges/><result success="t"><outputparams/></result></action><action seq="43" type="Create"><inputparams><param seq="1" type="integer"><value>15</value></param><param seq="2" type="handle"><mappingpath>parameterMap/[@hidden=true]</mappingpath><value>[].[parameterMaps].[_governor]</value></param><param seq="3" type="i18nstring"><value>useSQLParameters</value></param><param seq="4" type="integer"><value>0</value></param></inputparams><domchanges/><result success="t"><outputparams/></result></action><action seq="44" type="Modify"><inputparams><param seq="1" type="handle"><mappingpath>parameterMapEntry/value</mappingpath><value>/O/value[0]/O/[].[parameterMaps].[_governor].[useSQLParameters]</value></param><param seq="2" type="i18nstring"><value>unknown</value></param></inputparams><domchanges/><result success="t"><outputparams/></result></action><action seq="45" type="Create"><inputparams><param seq="1" type="integer"><value>15</value></param><param seq="2" type="handle"><mappingpath>parameterMap/[@hidden=true]</mappingpath><value>[].[parameterMaps].[_governor]</value></param><param seq="3" type="i18nstring"><value>exactNumericDivision</value></param><param seq="4" type="integer"><value>0</value></param></inputparams><domchanges/><result success="t"><outputparams/></result></action><action seq="46" type="Modify"><inputparams><param seq="1" type="handle"><mappingpath>parameterMapEntry/value</mappingpath><value>/O/value[0]/O/[].[parameterMaps].[_governor].[exactNumericDivision]</value></param><param seq="2" type="i18nstring"><value>0</value></param></inputparams><domchanges/><result success="t"><outputparams/></result></action><action seq="47" type="Create"><inputparams><param seq="1" type="integer"><value>15</value></param><param seq="2" type="handle"><mappingpath>parameterMap/[@hidden=true]</mappingpath><value>[].[parameterMaps].[_governor]</value></param><param seq="3" type="i18nstring"><value>cachePolicyDBAccess</value></param><param seq="4" type="integer"><value>0</value></param></inputparams><domchanges/><result success="t"><outputparams/></result></action><action seq="48" type="Modify"><inputparams><param seq="1" type="handle"><mappingpath>parameterMapEntry/value</mappingpath><value>/O/value[0]/O/[].[parameterMaps].[_governor].[cachePolicyDBAccess]</value></param><param seq="2" type="i18nstring"><value>0</value></param></inputparams><domchanges/><result success="t"><outputparams/></result></action><action seq="49" type="Create"><inputparams><param seq="1" type="integer"><value>15</value></param><param seq="2" type="handle"><mappingpath>parameterMap/[@hidden=true]</mappingpath><value>[].[parameterMaps].[_governor]</value></param><param seq="3" type="i18nstring"><value>cachePolicyModelSecurity</value></param><param seq="4" type="integer"><value>0</value></param></inputparams><domchanges/><result success="t"><outputparams/></result></action><action seq="50" type="Modify"><inputparams><param seq="1" type="handle"><mappingpath>parameterMapEntry/value</mappingpath><value>/O/value[0]/O/[].[parameterMaps].[_governor].[cachePolicyModelSecurity]</value></param><param seq="2" type="i18nstring"><value>0</value></param></inputparams><domchanges/><result success="t"><outputparams/></result></action><action seq="51" type="Create"><inputparams><param seq="1" type="integer"><value>15</value></param><param seq="2" type="handle"><mappingpath>parameterMap/[@hidden=true]</mappingpath><value>[].[parameterMaps].[_governor]</value></param><param seq="3" type="i18nstring"><value>contextSensitiveJoinSelection</value></param><param seq="4" type="integer"><value>0</value></param></inputparams><domchanges/><result success="t"><outputparams/></result></action><action seq="52" type="Modify"><inputparams><param seq="1" type="handle"><mappingpath>parameterMapEntry/value</mappingpath><value>/O/value[0]/O/[].[parameterMaps].[_governor].[contextSensitiveJoinSelection]</value></param><param seq="2" type="i18nstring"><value>disabled</value></param></inputparams><domchanges/><result success="t"><outputparams/></result></action><action seq="53" type="Create"><inputparams><param seq="1" type="integer"><value>15</value></param><param seq="2" type="handle"><mappingpath>parameterMap/[@hidden=true]</mappingpath><value>[].[parameterMaps].[_governor]</value></param><param seq="3" type="i18nstring"><value>localCachePolicy</value></param><param seq="4" type="integer"><value>0</value></param></inputparams><domchanges/><result success="t"><outputparams/></result></action><action seq="54" type="Modify"><inputparams><param seq="1" type="handle"><mappingpath>parameterMapEntry/value</mappingpath><value>/O/value[0]/O/[].[parameterMaps].[_governor].[localCachePolicy]</value></param><param seq="2" type="i18nstring"><value>0</value></param></inputparams><domchanges/><result success="t"><outputparams/></result></action><action seq="55" type="Create"><inputparams><param seq="1" type="integer"><value>15</value></param><param seq="2" type="handle"><mappingpath>parameterMap/[@hidden=true]</mappingpath><value>[].[parameterMaps].[_governor]</value></param><param seq="3" type="i18nstring"><value>cursorMode</value></param><param seq="4" type="integer"><value>0</value></param></inputparams><domchanges/><result success="t"><outputparams/></result></action><action seq="56" type="Modify"><inputparams><param seq="1" type="handle"><mappingpath>parameterMapEntry/value</mappingpath><value>/O/value[0]/O/[].[parameterMaps].[_governor].[cursorMode]</value></param><param seq="2" type="i18nstring"><value>0</value></param></inputparams><domchanges/><result success="t"><outputparams/></result></action><action seq="57" type="Create"><inputparams><param seq="1" type="integer"><value>15</value></param><param seq="2" type="handle"><mappingpath>parameterMap/[@hidden=true]</mappingpath><value>[].[parameterMaps].[_governor]</value></param><param seq="3" type="i18nstring"><value>masterDetailOptimization</value></param><param seq="4" type="integer"><value>0</value></param></inputparams><domchanges/><result success="t"><outputparams/></result></action><action seq="58" type="Modify"><inputparams><param seq="1" type="handle"><mappingpath>parameterMapEntry/value</mappingpath><value>/O/value[0]/O/[].[parameterMaps].[_governor].[masterDetailOptimization]</value></param><param seq="2" type="i18nstring"><value>0</value></param></inputparams><domchanges/><result success="t"><outputparams/></result></action><action seq="59" type="Create"><inputparams><param seq="1" type="integer"><value>15</value></param><param seq="2" type="handle"><mappingpath>parameterMap/[@hidden=true]</mappingpath><value>[].[parameterMaps].[_governor]</value></param><param seq="3" type="i18nstring"><value>summaryQueryJoinOperator</value></param><param seq="4" type="integer"><value>0</value></param></inputparams><domchanges/><result success="t"><outputparams/></result></action><action seq="60" type="Modify"><inputparams><param seq="1" type="handle"><mappingpath>parameterMapEntry/value</mappingpath><value>/O/value[0]/O/[].[parameterMaps].[_governor].[summaryQueryJoinOperator]</value></param><param seq="2" type="i18nstring"><value>IS_NOT_DISTINCT_FROM</value></param></inputparams><domchanges/><result success="t"><outputparams/></result></action><action seq="61" type="Create"><inputparams><param seq="1" type="integer"><value>15</value></param><param seq="2" type="handle"><mappingpath>parameterMap/[@hidden=true]</mappingpath><value>[].[parameterMaps].[_governor]</value></param><param seq="3" type="i18nstring"><value>multiFactJoinOperator</value></param><param seq="4" type="integer"><value>0</value></param></inputparams><domchanges/><result success="t"><outputparams/></result></action><action seq="62" type="Modify"><inputparams><param seq="1" type="handle"><mappingpath>parameterMapEntry/value</mappingpath><value>/O/value[0]/O/[].[parameterMaps].[_governor].[multiFactJoinOperator]</value></param><param seq="2" type="i18nstring"><value>IS_NOT_DISTINCT_FROM</value></param></inputparams><domchanges/><result success="t"><outputparams/></result></action></transaction><transaction saved="true" seq="17" timestamp="20141128125231187" uniqueId="62F1016C62F1016C"><action seq="1" type="AddProperty"><inputparams><param seq="1" type="handle"><mappingpath>dataSource/type</mappingpath><value>/O/type[0]/O/[].[dataSources].[GOSALES2]</value></param><param seq="2" type="i18nstring"><value>functionSetID</value></param></inputparams><domchanges/><result success="t"><outputparams/></result></action><action seq="2" type="ModifyComplex"><inputparams><param seq="1" type="handle"><mappingpath>dataSource/type/functionSetID</mappingpath><value>/O/type[0]/functionSetID[0]/O/[].[dataSources].[GOSALES2]</value></param><param seq="2" type="i18nstring"><value>V_DB2</value></param></inputparams><domchanges/><result success="t"><outputparams/></result></action></transaction><transaction saved="true" seq="18" timestamp="20141128125413437" uniqueId="162F802E162F802E"><action seq="1" type="ResetPromptValues"><inputparams><param seq="1" type="integer"><value>1</value></param></inputparams><domchanges/><result success="t"><outputparams/></result></action></transaction><transaction saved="true" seq="19" timestamp="20141128125428952" uniqueId="C4C1D891C4C1D891"><action seq="1" type="ResetPromptValues"><inputparams><param seq="1" type="integer"><value>1</value></param></inputparams><domchanges/><result success="t"><outputparams/></result></action></transaction><transaction saved="true" seq="20" timestamp="20141128125459827" uniqueId="1B41D6CE1B41D6CE"><action seq="1" type="Create"><inputparams><param seq="1" type="integer"><value>16</value></param><param seq="2" type="handle"><mappingpath>securityViews</mappingpath><value>[].[securityViews]</value></param><param seq="3" type="i18nstring"><value>GO Operational</value></param><param seq="4" type="integer"><value>1</value></param></inputparams><domchanges/><result success="t"><outputparams/></result></action><action seq="2" type="SetSecurityViewDefinition"><inputparams><param seq="1" type="handle"><mappingpath>securityView</mappingpath><value>[].[securityViews].[GO Operational]</value></param><param seq="2" type="handle"><mappingpath>namespace</mappingpath><value>[GO Operational Model]</value></param><param seq="3" type="integer"><value>2</value></param></inputparams><domchanges/><result success="t"><outputparams/></result></action><action seq="3" type="Create"><inputparams><param seq="1" type="integer"><value>6</value></param><param seq="2" type="handle"><mappingpath>packages</mappingpath><value>[].[packages]</value></param><param seq="3" type="i18nstring"><value>GO Operational</value></param><param seq="4" type="integer"><value>1</value></param></inputparams><domchanges/><result success="t"><outputparams/></result></action><action seq="4" type="SetSecurityViewDefinition"><inputparams><param seq="1" type="handle"><mappingpath>package</mappingpath><value>[].[packages].[GO Operational]</value></param><param seq="2" type="handle"><mappingpath>securityView</mappingpath><value>[].[securityViews].[GO Operational]</value></param><param seq="3" type="integer"><value>2</value></param></inputparams><domchanges/><result success="t"><outputparams/></result></action><action seq="5" type="SetPackageLocales"><inputparams><param seq="1" type="handle"><mappingpath>package</mappingpath><value>[].[packages].[GO Operational]</value></param><param seq="2" type="i18nstring"><value>en</value></param></inputparams><domchanges/><result success="t"><outputparams/></result></action><action seq="6" type="Modify"><inputparams><param seq="1" type="handle"><mappingpath>package/description</mappingpath><value>/O/description[0]/O/[].[packages].[GO Operational]</value></param><param seq="2" type="i18nstring"><value></value></param></inputparams><domchanges/><result success="t"><outputparams/></result></action><action seq="7" type="Modify"><inputparams><param seq="1" type="handle"><mappingpath>package/screenTip</mappingpath><value>/O/screenTip[0]/O/[].[packages].[GO Operational]</value></param><param seq="2" type="i18nstring"><value></value></param></inputparams><domchanges/><result success="t"><outputparams/></result></action><action seq="8" type="SetSecurityViewAccess"><inputparams><param seq="1" type="handle"><mappingpath>securityView</mappingpath><value>[].[securityViews].[GO Operational]</value></param><param seq="2" type="integer"><value>1</value></param><param seq="3" type="cclnode"><value><![CDATA[<securityObjects/>]]></value></param></inputparams><domchanges/><result success="t"><outputparams/></result></action><action seq="9" type="SetSecurityViewAccess"><inputparams><param seq="1" type="handle"><mappingpath>package</mappingpath><value>[].[packages].[GO Operational]</value></param><param seq="2" type="integer"><value>1</value></param><param seq="3" type="cclnode"><value><![CDATA[<securityObjects/>]]></value></param></inputparams><domchanges/><result success="t"><outputparams/></result></action><action seq="10" type="UpdateObject"><inputparams><param seq="1" type="handle"><mappingpath>securityView</mappingpath><value>[].[securityViews].[GO Operational]</value></param><param seq="2" type="cclnode"><value><![CDATA[<updateObjectRequest><tasks><task name="addProperty"><parameters><param name="propertyType" value="functionSet"/><param name="propertyValue" value="V_DB2"/></parameters></task></tasks></updateObjectRequest>]]></value></param></inputparams><domchanges/><result success="t"><outputparams/></result></action><action seq="11" type="SetSecurityViewAccess"><inputparams><param seq="1" type="handle"><mappingpath>securityView</mappingpath><value>[].[securityViews].[GO Operational]</value></param><param seq="2" type="integer"><value>1</value></param><param seq="3" type="cclnode"><value><![CDATA[<securityObjects/>]]></value></param></inputparams><domchanges/><result success="t"><outputparams/></result></action><action seq="12" type="SetSecurityViewAccess"><inputparams><param seq="1" type="handle"><mappingpath>package</mappingpath><value>[].[packages].[GO Operational]</value></param><param seq="2" type="integer"><value>1</value></param><param seq="3" type="cclnode"><value><![CDATA[<securityObjects/>]]></value></param></inputparams><domchanges/><result success="t"><outputparams/></result></action></transaction><transaction saved="true" seq="21" timestamp="20141128125659202" uniqueId="261F92C8261F92C8"/><transaction saved="true" seq="22" timestamp="20141128125702921" uniqueId="7AD23A677AD23A67"><action seq="1" type="Undo"><inputparams/><domchanges/><result success="t"><outputparams/></result></action></transaction><transaction saved="true" seq="23" timestamp="20141128125726640" uniqueId="4E415EC14E415EC1"><action seq="1" type="Delete"><inputparams><param seq="1" type="handle"><mappingpath>package</mappingpath><value>[].[packages].[GO Operational]</value></param></inputparams><domchanges/><result success="t"><outputparams/></result></action></transaction><transaction event="Save" saved="true" seq="24" timestamp="20141128125803124" uniqueId="B776D771B776D771" user="Student"/><transaction event="StartSession" saved="true" seq="25" timestamp="20141128125806140" uniqueId="5CD0E0785CD0E078" user="Student"/><transaction saved="true" seq="26" timestamp="20141128125807171" uniqueId="F3FCC692F3FCC692"><action seq="1" type="SetActiveLocale"><inputparams><param seq="1" type="i18nstring"><value>en</value></param></inputparams><domchanges/><result success="t"><outputparams/></result></action></transaction><transaction saved="true" seq="27" timestamp="20141128125856249" uniqueId="A121A387A121A387"><action seq="1" type="Create"><inputparams><param seq="1" type="integer"><value>16</value></param><param seq="2" type="handle"><mappingpath>securityViews</mappingpath><value>[].[securityViews]</value></param><param seq="3" type="i18nstring"><value>gosales</value></param><param seq="4" type="integer"><value>1</value></param></inputparams><domchanges/><result success="t"><outputparams/></result></action><action seq="2" type="SetSecurityViewDefinition"><inputparams><param seq="1" type="handle"><mappingpath>securityView</mappingpath><value>[].[securityViews].[gosales]</value></param><param seq="2" type="handle"><mappingpath>namespace</mappingpath><value>[GO Operational Model]</value></param><param seq="3" type="integer"><value>2</value></param></inputparams><domchanges/><result success="t"><outputparams/></result></action><action seq="3" type="Create"><inputparams><param seq="1" type="integer"><value>6</value></param><param seq="2" type="handle"><mappingpath>packages</mappingpath><value>[].[packages]</value></param><param seq="3" type="i18nstring"><value>gosales</value></param><param seq="4" type="integer"><value>1</value></param></inputparams><domchanges/><result success="t"><outputparams/></result></action><action seq="4" type="SetSecurityViewDefinition"><inputparams><param seq="1" type="handle"><mappingpath>package</mappingpath><value>[].[packages].[gosales]</value></param><param seq="2" type="handle"><mappingpath>securityView</mappingpath><value>[].[securityViews].[gosales]</value></param><param seq="3" type="integer"><value>2</value></param></inputparams><domchanges/><result success="t"><outputparams/></result></action><action seq="5" type="SetPackageLocales"><inputparams><param seq="1" type="handle"><mappingpath>package</mappingpath><value>[].[packages].[gosales]</value></param><param seq="2" type="i18nstring"><value>en</value></param></inputparams><domchanges/><result success="t"><outputparams/></result></action><action seq="6" type="Modify"><inputparams><param seq="1" type="handle"><mappingpath>package/description</mappingpath><value>/O/description[0]/O/[].[packages].[gosales]</value></param><param seq="2" type="i18nstring"><value></value></param></inputparams><domchanges/><result success="t"><outputparams/></result></action><action seq="7" type="Modify"><inputparams><param seq="1" type="handle"><mappingpath>package/screenTip</mappingpath><value>/O/screenTip[0]/O/[].[packages].[gosales]</value></param><param seq="2" type="i18nstring"><value></value></param></inputparams><domchanges/><result success="t"><outputparams/></result></action><action seq="8" type="SetSecurityViewAccess"><inputparams><param seq="1" type="handle"><mappingpath>securityView</mappingpath><value>[].[securityViews].[gosales]</value></param><param seq="2" type="integer"><value>1</value></param><param seq="3" type="cclnode"><value><![CDATA[<securityObjects/>]]></value></param></inputparams><domchanges/><result success="t"><outputparams/></result></action><action seq="9" type="SetSecurityViewAccess"><inputparams><param seq="1" type="handle"><mappingpath>package</mappingpath><value>[].[packages].[gosales]</value></param><param seq="2" type="integer"><value>1</value></param><param seq="3" type="cclnode"><value><![CDATA[<securityObjects/>]]></value></param></inputparams><domchanges/><result success="t"><outputparams/></result></action><action seq="10" type="UpdateObject"><inputparams><param seq="1" type="handle"><mappingpath>securityView</mappingpath><value>[].[securityViews].[gosales]</value></param><param seq="2" type="cclnode"><value><![CDATA[<updateObjectRequest><tasks><task name="addProperty"><parameters><param name="propertyType" value="functionSet"/><param name="propertyValue" value="V_DB2"/></parameters></task></tasks></updateObjectRequest>]]></value></param></inputparams><domchanges/><result success="t"><outputparams/></result></action><action seq="11" type="SetSecurityViewAccess"><inputparams><param seq="1" type="handle"><mappingpath>securityView</mappingpath><value>[].[securityViews].[gosales]</value></param><param seq="2" type="integer"><value>1</value></param><param seq="3" type="cclnode"><value><![CDATA[<securityObjects/>]]></value></param></inputparams><domchanges/><result success="t"><outputparams/></result></action><action seq="12" type="SetSecurityViewAccess"><inputparams><param seq="1" type="handle"><mappingpath>package</mappingpath><value>[].[packages].[gosales]</value></param><param seq="2" type="integer"><value>1</value></param><param seq="3" type="cclnode"><value><![CDATA[<securityObjects/>]]></value></param></inputparams><domchanges/><result success="t"><outputparams/></result></action></transaction><transaction saved="true" seq="28" timestamp="20141128125954593" uniqueId="1A99B39F1A99B39F"/><transaction saved="true" seq="29" timestamp="20141128125955202" uniqueId="7FE810727FE81072"><action seq="1" type="Undo"><inputparams/><domchanges/><result success="t"><outputparams/></result></action></transaction><transaction event="Save" saved="true" seq="30" timestamp="20141128132321749" uniqueId="076DB185076DB185" user="Student"/><transaction event="StartSession" saved="true" seq="31" timestamp="20141128133338409" uniqueId="F926FF5EF926FF5E" user="Student"/><transaction saved="true" seq="32" timestamp="20141128133338956" uniqueId="1316A81D1316A81D"><action seq="1" type="SetActiveLocale"><inputparams><param seq="1" type="i18nstring"><value>en</value></param></inputparams><domchanges/><result success="t"><outputparams/></result></action></transaction><transaction saved="true" seq="33" timestamp="20141128133355503" uniqueId="7BB236317BB23631"><action seq="1" type="DBImport"><inputparams><param seq="1" type="handle"><mappingpath>namespace</mappingpath><value>[gosales]</value></param><param seq="2" type="cclnode"><value><![CDATA[<item Name="GOSALES" Type="database" Value="partial" dbType="D2" description="" isSystem="false" screenTip=""><item Name="GOSALES" Type="schema" Value="partial"><item Name="Tables" Type="tables" Value="partial"><item Name="BRANCH" Type="table" Value="true"/><item Name="CONVERSION_RATE" Type="table" Value="false"/><item Name="COUNTRY" Type="table" Value="true"/><item Name="CURRENCY_LOOKUP" Type="table" Value="false"/><item Name="EURO_CONVERSION" Type="table" Value="false"/><item Name="INVENTORY_LEVELS" Type="table" Value="false"/><item Name="ORDER_DETAILS" Type="table" Value="false"/><item Name="ORDER_HEADER" Type="table" Value="false"/><item Name="ORDER_METHOD" Type="table" Value="false"/><item Name="PRODUCT" Type="table" Value="false"/><item Name="PRODUCT_BRAND" Type="table" Value="false"/><item Name="PRODUCT_COLOR_LOOKUP" Type="table" Value="false"/><item Name="PRODUCT_FORECAST" Type="table" Value="false"/><item Name="PRODUCT_LINE" Type="table" Value="false"/><item Name="PRODUCT_NAME_LOOKUP" Type="table" Value="false"/><item Name="PRODUCT_SIZE_LOOKUP" Type="table" Value="false"/><item Name="PRODUCT_TYPE" Type="table" Value="false"/><item Name="RETURNED_ITEM" Type="table" Value="false"/><item Name="RETURN_REASON" Type="table" Value="false"/><item Name="SALES_REGION" Type="table" Value="true"/><item Name="SALES_TARGET" Type="table" Value="false"/><item Name="TIME_DIMENSION" Type="table" Value="false"/><item Name="TIME_QUARTER_LOOKUP" Type="table" Value="false"/><item Name="XGOREV" Type="table" Value="false"/></item><item Name="Views" Type="views" Value="false"/><item Name="Synonyms" Type="synonyms" Value="false"/><item Name="Procedures" Type="procedures" Value="false"/><item Name="Functions" Type="functions" Value="false"/><item Name="System Objects" Type="sysObjects" Value="false"/></item><item Name="GOSALESDW" Type="schema" Value="false"/><item Name="GOSALESHR" Type="schema" Value="partial"><item Name="Tables" Type="tables" Value="partial"><item Name="DEPARTMENT_LOOKUP" Type="table" Value="false"/><item Name="EMPLOYEE" Type="table" Value="true"/><item Name="EMPLOYEE_EXPENSE_DETAIL" Type="table" Value="false"/><item Name="EMPLOYEE_EXPENSE_PLAN" Type="table" Value="false"/><item Name="EMPLOYEE_HISTORY" Type="table" Value="true"/><item Name="EMPLOYEE_SUMMARY" Type="table" Value="false"/><item Name="EMPLOYEE_SURVEY_RESULTS" Type="table" Value="false"/><item Name="EMPLOYEE_SURVEY_TARGETS" Type="table" Value="false"/><item Name="EMPLOYEE_SURVEY_TOPIC" Type="table" Value="false"/><item Name="EXPENSE_GROUP" Type="table" Value="false"/><item Name="EXPENSE_TYPE" Type="table" Value="false"/><item Name="EXPENSE_UNIT" Type="table" Value="false"/><item Name="GENDER_LOOKUP" Type="table" Value="false"/><item Name="ORGANIZATION" Type="table" Value="false"/><item Name="POSITION_DEPARTMENT" Type="table" Value="false"/><item Name="POSITION_LOOKUP" Type="table" Value="true"/><item Name="POSITION_SUMMARY" Type="table" Value="false"/><item Name="RANKING" Type="table" Value="false"/><item Name="RANKING_RESULTS" Type="table" Value="false"/><item Name="RECRUITMENT" Type="table" Value="false"/><item Name="RECRUITMENT_MEDIUM" Type="table" Value="false"/><item Name="RECRUITMENT_TYPE" Type="table" Value="false"/><item Name="SATISFACTION_INDEX" Type="table" Value="false"/><item Name="SUCCESSION_DETAILS" Type="table" Value="false"/><item Name="SUCCESSOR_STATUS" Type="table" Value="false"/><item Name="TERMINATION_LOOKUP" Type="table" Value="false"/><item Name="TRAINING" Type="table" Value="false"/><item Name="TRAINING_DETAILS" Type="table" Value="false"/></item><item Name="Views" Type="views" Value="false"/><item Name="Synonyms" Type="synonyms" Value="false"/><item Name="Procedures" Type="procedures" Value="false"/><item Name="Functions" Type="functions" Value="false"/><item Name="System Objects" Type="sysObjects" Value="false"/></item><item Name="GOSALESMR" Type="schema" Value="false"/><item Name="GOSALESRT" Type="schema" Value="false"/><item Name="SQLJ" Type="schema" Value="false"/></item>]]></value></param><param seq="3" type="integer"><value>1</value></param><param seq="4" type="integer"><value>1</value></param><param seq="5" type="integer"><value>1</value></param><param seq="6" type="integer"><value>0</value></param><param seq="7" type="integer"><value>0</value></param><param seq="8" type="integer"><value>0</value></param><param seq="9" type="integer"><value>0</value></param><param seq="10" type="integer"><value>1</value></param><param seq="11" type="integer"><value>0</value></param><param seq="12" type="integer"><value>0</value></param></inputparams><domchanges/><result success="t"><outputparams/></result></action><action seq="2" type="DBRelease"><inputparams/><domchanges/><result success="t"><outputparams/></result></action></transaction><transaction event="Save" saved="true" seq="34" timestamp="20141128134120097" uniqueId="FFD182E1FFD182E1" user="Student"/><transaction event="StartSession" saved="true" seq="35" timestamp="20141128134121409" uniqueId="AB861A91AB861A91" user="Student"/><transaction saved="true" seq="36" timestamp="20141128134122237" uniqueId="AA5E750BAA5E750B"><action seq="1" type="SetActiveLocale"><inputparams><param seq="1" type="i18nstring"><value>en</value></param></inputparams><domchanges/><result success="t"><outputparams/></result></action></transaction><transaction saved="true" seq="37" timestamp="20141128134312222" uniqueId="10E3FDF310E3FDF3"><action seq="1" type="DBImport"><inputparams><param seq="1" type="handle"><mappingpath>namespace</mappingpath><value>[gosales]</value></param><param seq="2" type="cclnode"><value><![CDATA[<item Name="GOSALES" Type="database" Value="partial" dbType="D2" description="" isSystem="false" screenTip=""><item Name="GOSALES" Type="schema" Value="false"><item Name="Tables" Type="tables" Value="false"/><item Name="Views" Type="views" Value="false"/><item Name="Synonyms" Type="synonyms" Value="false"/><item Name="Procedures" Type="procedures" Value="false"/><item Name="Functions" Type="functions" Value="false"/><item Name="System Objects" Type="sysObjects" Value="false"/></item><item Name="GOSALESDW" Type="schema" Value="false"/><item Name="GOSALESHR" Type="schema" Value="false"/><item Name="GOSALESMR" Type="schema" Value="false"/><item Name="GOSALESRT" Type="schema" Value="partial"><item Name="Tables" Type="tables" Value="partial"><item Name="ACTIVITY_STATUS_LOOKUP" Type="table" Value="false"/><item Name="RETAILER" Type="table" Value="true"/><item Name="RETAILER_ACTIVITY" Type="table" Value="false"/><item Name="RETAILER_CONTACT" Type="table" Value="false"/><item Name="RETAILER_SITE" Type="table" Value="true"/><item Name="RETAILER_SITE_MB" Type="table" Value="false"/><item Name="RETAILER_TYPE" Type="table" Value="true"/></item><item Name="Views" Type="views" Value="false"/><item Name="Synonyms" Type="synonyms" Value="false"/><item Name="Procedures" Type="procedures" Value="false"/><item Name="Functions" Type="functions" Value="false"/><item Name="System Objects" Type="sysObjects" Value="false"/></item><item Name="SQLJ" Type="schema" Value="false"/></item>]]></value></param><param seq="3" type="integer"><value>1</value></param><param seq="4" type="integer"><value>1</value></param><param seq="5" type="integer"><value>1</value></param><param seq="6" type="integer"><value>0</value></param><param seq="7" type="integer"><value>0</value></param><param seq="8" type="integer"><value>0</value></param><param seq="9" type="integer"><value>0</value></param><param seq="10" type="integer"><value>1</value></param><param seq="11" type="integer"><value>0</value></param><param seq="12" type="integer"><value>0</value></param></inputparams><domchanges/><result success="t"><outputparams/></result></action><action seq="2" type="DBRelease"><inputparams/><domchanges/><result success="t"><outputparams/></result></action></transaction><transaction saved="true" seq="38" timestamp="20141128140255690" uniqueId="323F07A6323F07A6"><action seq="1" type="ResetPromptValues"><inputparams><param seq="1" type="integer"><value>1</value></param></inputparams><domchanges/><result success="t"><outputparams/></result></action></transaction><transaction event="Save" saved="true" seq="39" timestamp="20141128140402612" uniqueId="0A5ADD290A5ADD29" user="Student"/><transaction event="StartSession" saved="true" seq="40" timestamp="20141128140911581" uniqueId="8E7B718C8E7B718C" user="Student"/><transaction saved="true" seq="41" timestamp="20141128140926299" uniqueId="770A560E770A560E"><action seq="1" type="SetActiveLocale"><inputparams><param seq="1" type="i18nstring"><value>en</value></param></inputparams><domchanges/><result success="t"><outputparams/></result></action></transaction><transaction event="StartSession" saved="true" seq="42" timestamp="20141128141000018" uniqueId="26B6DF0C26B6DF0C" user="Student"/><transaction saved="true" seq="43" timestamp="20141128141001690" uniqueId="6613E7736613E773"><action seq="1" type="SetActiveLocale"><inputparams><param seq="1" type="i18nstring"><value>en</value></param></inputparams><domchanges/><result success="t"><outputparams/></result></action></transaction><transaction saved="true" seq="44" timestamp="20141128141702987" uniqueId="1CFA2EA71CFA2EA7"><action seq="1" type="Create"><inputparams><param seq="1" type="integer"><value>3</value></param><param seq="2" type="handle"><mappingpath>project</mappingpath><value>[]</value></param></inputparams><domchanges/><result success="t"><outputparams/></result></action><action seq="2" type="Modify"><inputparams><param seq="1" type="handle"><mappingpath>relationship/left/refobj</mappingpath><value>/O/left[0]/refobj[0]/O/[GO Operational Model].[New Relationship]</value></param><param seq="2" type="i18nstring"><value>[gosales].[EMPLOYEE]</value></param></inputparams><domchanges/><result success="t"><outputparams/></result></action><action seq="3" type="Modify"><inputparams><param seq="1" type="handle"><mappingpath>relationship/left/mincard</mappingpath><value>/O/left[0]/mincard[0]/O/[GO Operational Model].[New Relationship]</value></param><param seq="2" type="i18nstring"><value>one</value></param></inputparams><domchanges/><result success="t"><outputparams/></result></action><action seq="4" type="Modify"><inputparams><param seq="1" type="handle"><mappingpath>relationship/left/maxcard</mappingpath><value>/O/left[0]/maxcard[0]/O/[GO Operational Model].[New Relationship]</value></param><param seq="2" type="i18nstring"><value>one</value></param></inputparams><domchanges/><result success="t"><outputparams/></result></action><action seq="5" type="Modify"><inputparams><param seq="1" type="handle"><mappingpath>relationship/right/refobj</mappingpath><value>/O/right[0]/refobj[0]/O/[GO Operational Model].[New Relationship]</value></param><param seq="2" type="i18nstring"><value>[gosales].[ORDER_HEADER]</value></param></inputparams><domchanges/><result success="t"><outputparams/></result></action><action seq="6" type="Modify"><inputparams><param seq="1" type="handle"><mappingpath>relationship/right/mincard</mappingpath><value>/O/right[0]/mincard[0]/O/[gosales].[New Relationship]</value></param><param seq="2" type="i18nstring"><value>one</value></param></inputparams><domchanges/><result success="t"><outputparams/></result></action><action seq="7" type="Modify"><inputparams><param seq="1" type="handle"><mappingpath>relationship/right/maxcard</mappingpath><value>/O/right[0]/maxcard[0]/O/[gosales].[New Relationship]</value></param><param seq="2" type="i18nstring"><value>many</value></param></inputparams><domchanges/><result success="t"><outputparams/></result></action><action seq="8" type="Modify"><inputparams><param seq="1" type="handle"><mappingpath>relationship/name</mappingpath><value>/O/name[0]/O/[gosales].[New Relationship]</value></param><param seq="2" type="i18nstring"><value>EMPLOYEE &lt;--&gt; ORDER_HEADER</value></param></inputparams><domchanges/><result success="t"><outputparams/></result></action><action seq="9" type="ModifyComplex"><inputparams><param seq="1" type="handle"><mappingpath>relationship/expression</mappingpath><value>/O/expression[0]/O/[gosales].[EMPLOYEE &lt;--&gt; ORDER_HEADER]</value></param><param seq="2" type="i18nstring"><value>&lt;refobj&gt;[gosales].[EMPLOYEE].[EMPLOYEE_CODE]&lt;/refobj&gt; = &lt;refobj&gt;[gosales].[ORDER_HEADER].[SALES_STAFF_CODE]&lt;/refobj&gt;</value></param><param seq="3" type="integer"><value>0</value></param></inputparams><domchanges/><result success="t"><outputparams/></result></action><action seq="10" type="CreateRemainingRelationships"><inputparams><param seq="1" type="handle"><mappingpath>relationship</mappingpath><value>[gosales].[EMPLOYEE &lt;--&gt; ORDER_HEADER]</value></param><param seq="2" type="integer"><value>1</value></param></inputparams><domchanges/><result success="t"><outputparams/></result></action></transaction><transaction saved="true" seq="45" timestamp="20141128141832518" uniqueId="D9BE848ED9BE848E"><action seq="1" type="ResetPromptValues"><inputparams><param seq="1" type="integer"><value>1</value></param></inputparams><domchanges/><result success="t"><outputparams/></result></action></transaction><transaction saved="true" seq="46" timestamp="20141128142025315" uniqueId="1DD8FEBF1DD8FEBF"><action seq="1" type="ResetPromptValues"><inputparams><param seq="1" type="integer"><value>1</value></param></inputparams><domchanges/><result success="t"><outputparams/></result></action></transaction><transaction saved="true" seq="47" timestamp="20141128142342518" uniqueId="AF8BCA28AF8BCA28"><action seq="1" type="ResetPromptValues"><inputparams><param seq="1" type="integer"><value>1</value></param></inputparams><domchanges/><result success="t"><outputparams/></result></action></transaction><transaction event="Save" saved="true" seq="48" timestamp="20141128142542674" uniqueId="A4A6A3F6A4A6A3F6" user="Student"/><transaction event="StartSession" saved="true" seq="49" timestamp="20141128142543549" uniqueId="453006A8453006A8" user="Student"/><transaction saved="true" seq="50" timestamp="20141128142544378" uniqueId="5D0B57D35D0B57D3"><action seq="1" type="SetActiveLocale"><inputparams><param seq="1" type="i18nstring"><value>en</value></param></inputparams><domchanges/><result success="t"><outputparams/></result></action></transaction><transaction saved="true" seq="51" timestamp="20141128142954003" uniqueId="0DF6D4360DF6D436"><action seq="1" type="Modify"><inputparams><param seq="1" type="handle"><mappingpath>queryItem/usage</mappingpath><value>/O/usage[0]/O/[gosales].[ORDER_HEADER].[SALES_STAFF_CODE]</value></param><param seq="2" type="i18nstring"><value>attribute</value></param></inputparams><domchanges/><result success="t"><outputparams/></result></action></transaction><transaction saved="true" seq="52" timestamp="20141128143028206" uniqueId="55C8218355C82183"><action seq="1" type="Modify"><inputparams><param seq="1" type="handle"><mappingpath>queryItem/usage</mappingpath><value>/O/usage[0]/O/[gosales].[ORDER_HEADER].[RETAILER_SITE_CODE]</value></param><param seq="2" type="i18nstring"><value>attribute</value></param></inputparams><domchanges/><result success="t"><outputparams/></result></action></transaction><transaction saved="true" seq="53" timestamp="20141128143031534" uniqueId="00A6ECF900A6ECF9"><action seq="1" type="Modify"><inputparams><param seq="1" type="handle"><mappingpath>queryItem/usage</mappingpath><value>/O/usage[0]/O/[gosales].[ORDER_HEADER].[RETAILER_CONTACT_CODE]</value></param><param seq="2" type="i18nstring"><value>attribute</value></param></inputparams><domchanges/><result success="t"><outputparams/></result></action><action seq="2" type="Modify"><inputparams><param seq="1" type="handle"><mappingpath>queryItem/usage</mappingpath><value>/O/usage[0]/O/[gosales].[ORDER_HEADER].[SALES_BRANCH_CODE]</value></param><param seq="2" type="i18nstring"><value>attribute</value></param></inputparams><domchanges/><result success="t"><outputparams/></result></action></transaction><transaction saved="true" seq="54" timestamp="20141128143504784" uniqueId="1DABEC681DABEC68"><action seq="1" type="Modify"><inputparams><param seq="1" type="handle"><mappingpath>queryItem/usage</mappingpath><value>/O/usage[0]/O/[gosales].[ORDER_DETAILS].[PROMOTION_CODE]</value></param><param seq="2" type="i18nstring"><value>attribute</value></param></inputparams><domchanges/><result success="t"><outputparams/></result></action><action seq="2" type="Modify"><inputparams><param seq="1" type="handle"><mappingpath>queryItem/usage</mappingpath><value>/O/usage[0]/O/[gosales].[PRODUCT].[PRODUCT_COLOR_CODE]</value></param><param seq="2" type="i18nstring"><value>attribute</value></param></inputparams><domchanges/><result success="t"><outputparams/></result></action><action seq="3" type="Modify"><inputparams><param seq="1" type="handle"><mappingpath>queryItem/usage</mappingpath><value>/O/usage[0]/O/[gosales].[PRODUCT].[PRODUCT_SIZE_CODE]</value></param><param seq="2" type="i18nstring"><value>attribute</value></param></inputparams><domchanges/><result success="t"><outputparams/></result></action><action seq="4" type="Modify"><inputparams><param seq="1" type="handle"><mappingpath>queryItem/usage</mappingpath><value>/O/usage[0]/O/[gosales].[PRODUCT].[PRODUCT_BRAND_CODE]</value></param><param seq="2" type="i18nstring"><value>attribute</value></param></inputparams><domchanges/><result success="t"><outputparams/></result></action><action seq="5" type="Modify"><inputparams><param seq="1" type="handle"><mappingpath>queryItem/usage</mappingpath><value>/O/usage[0]/O/[gosales].[BRANCH].[WAREHOUSE_BRANCH_CODE]</value></param><param seq="2" type="i18nstring"><value>attribute</value></param></inputparams><domchanges/><result success="t"><outputparams/></result></action><action seq="6" type="Modify"><inputparams><param seq="1" type="handle"><mappingpath>queryItem/usage</mappingpath><value>/O/usage[0]/O/[gosales].[EMPLOYEE].[TERMINATION_CODE]</value></param><param seq="2" type="i18nstring"><value>attribute</value></param></inputparams><domchanges/><result success="t"><outputparams/></result></action><action seq="7" type="Modify"><inputparams><param seq="1" type="handle"><mappingpath>queryItem/usage</mappingpath><value>/O/usage[0]/O/[gosales].[EMPLOYEE].[GENDER_CODE]</value></param><param seq="2" type="i18nstring"><value>attribute</value></param></inputparams><domchanges/><result success="t"><outputparams/></result></action><action seq="8" type="Modify"><inputparams><param seq="1" type="handle"><mappingpath>queryItem/usage</mappingpath><value>/O/usage[0]/O/[gosales].[EMPLOYEE_HISTORY].[EMPLOYEE_HISTORY_CODE]</value></param><param seq="2" type="i18nstring"><value>attribute</value></param></inputparams><domchanges/><result success="t"><outputparams/></result></action><action seq="9" type="Modify"><inputparams><param seq="1" type="handle"><mappingpath>queryItem/usage</mappingpath><value>/O/usage[0]/O/[gosales].[EMPLOYEE_HISTORY].[MANAGER_CODE]</value></param><param seq="2" type="i18nstring"><value>attribute</value></param></inputparams><domchanges/><result success="t"><outputparams/></result></action><action seq="10" type="Modify"><inputparams><param seq="1" type="handle"><mappingpath>queryItem/usage</mappingpath><value>/O/usage[0]/O/[gosales].[RETAILER_SITE].[RTL_ACTIVITY_STATUS_CODE]</value></param><param seq="2" type="i18nstring"><value>attribute</value></param></inputparams><domchanges/><result success="t"><outputparams/></result></action></transaction><transaction saved="true" seq="55" timestamp="20141128143709940" uniqueId="66F8615866F86158"><action seq="1" type="ResetPromptValues"><inputparams><param seq="1" type="integer"><value>1</value></param></inputparams><domchanges/><result success="t"><outputparams/></result></action></transaction><transaction saved="true" seq="56" timestamp="20141128143849674" uniqueId="4CC4DA954CC4DA95"><action seq="1" type="Modify"><inputparams><param seq="1" type="handle"><mappingpath>queryItem/regularAggregate</mappingpath><value>/O/regularAggregate[0]/O/[gosales].[ORDER_DETAILS].[UNIT_COST]</value></param><param seq="2" type="i18nstring"><value>average</value></param></inputparams><domchanges/><result success="t"><outputparams/></result></action></transaction><transaction saved="true" seq="57" timestamp="20141128143852206" uniqueId="9CA05B639CA05B63"><action seq="1" type="Modify"><inputparams><param seq="1" type="handle"><mappingpath>queryItem/regularAggregate</mappingpath><value>/O/regularAggregate[0]/O/[gosales].[ORDER_DETAILS].[UNIT_PRICE]</value></param><param seq="2" type="i18nstring"><value>average</value></param></inputparams><domchanges/><result success="t"><outputparams/></result></action><action seq="2" type="Modify"><inputparams><param seq="1" type="handle"><mappingpath>queryItem/regularAggregate</mappingpath><value>/O/regularAggregate[0]/O/[gosales].[ORDER_DETAILS].[UNIT_SALE_PRICE]</value></param><param seq="2" type="i18nstring"><value>average</value></param></inputparams><domchanges/><result success="t"><outputparams/></result></action></transaction><transaction saved="true" seq="58" timestamp="20141128143918846" uniqueId="92FD381992FD3819"><action seq="1" type="AddProperty"><inputparams><param seq="1" type="handle"><mappingpath>queryItem</mappingpath><value>[gosales].[ORDER_DETAILS].[UNIT_COST]</value></param><param seq="2" type="i18nstring"><value>queryItem/format</value></param></inputparams><domchanges/><result success="t"><outputparams/></result></action><action seq="2" type="Modify"><inputparams><param seq="1" type="handle"><mappingpath>queryItem/format</mappingpath><value>/O/format[0]/O/[gosales].[ORDER_DETAILS].[UNIT_COST]</value></param><param seq="2" type="i18nstring"><value>&amp;lt;formatGroup&amp;gt;&amp;lt;currencyFormat xml:lang=&amp;quot;en-us&amp;quot; currencyCode=&amp;quot;USD&amp;quot; /&amp;gt;&amp;lt;/formatGroup&amp;gt;</value></param></inputparams><domchanges/><result success="t"><outputparams/></result></action></transaction><transaction saved="true" seq="59" timestamp="20141128144010393" uniqueId="F1F6D727F1F6D727"><action seq="1" type="ModifyComplex"><inputparams><param seq="1" type="handle"><mappingpath>queryItem/format</mappingpath><value>/O/format[0]/O/[gosales].[ORDER_DETAILS].[UNIT_PRICE]</value></param><param seq="2" type="i18nstring"><value>&amp;amp;lt;formatGroup&amp;amp;gt;&amp;amp;lt;currencyFormat xml:lang=&amp;amp;quot;en-us&amp;amp;quot; currencyCode=&amp;amp;quot;USD&amp;amp;quot; /&amp;amp;gt;&amp;amp;lt;/formatGroup&amp;amp;gt;</value></param></inputparams><domchanges/><result success="t"><outputparams/></result></action><action seq="2" type="ModifyComplex"><inputparams><param seq="1" type="handle"><mappingpath>queryItem/format</mappingpath><value>/O/format[0]/O/[gosales].[ORDER_DETAILS].[UNIT_SALE_PRICE]</value></param><param seq="2" type="i18nstring"><value>&amp;amp;lt;formatGroup&amp;amp;gt;&amp;amp;lt;currencyFormat xml:lang=&amp;amp;quot;en-us&amp;amp;quot; currencyCode=&amp;amp;quot;USD&amp;amp;quot; /&amp;amp;gt;&amp;amp;lt;/formatGroup&amp;amp;gt;</value></param></inputparams><domchanges/><result success="t"><outputparams/></result></action></transaction><transaction saved="true" seq="60" timestamp="20141128144227628" uniqueId="15834C5515834C55"><action seq="1" type="ResetPromptValues"><inputparams><param seq="1" type="integer"><value>1</value></param></inputparams><domchanges/><result success="t"><outputparams/></result></action></transaction><transaction saved="true" seq="61" timestamp="20141128144627503" uniqueId="07322F8307322F83"><action seq="1" type="Modify"><inputparams><param seq="1" type="handle"><mappingpath>queryItem/promptInfo/promptUseItemRef</mappingpath><value>/O/promptInfo[0]/promptUseItemRef[0]/O/[gosales].[PRODUCT_LINE].[PRODUCT_LINE_EN]</value></param><param seq="2" type="i18nstring"><value>[gosales].[PRODUCT_LINE].[PRODUCT_LINE_CODE]</value></param></inputparams><domchanges/><result success="t"><outputparams/></result></action></transaction><transaction saved="true" seq="62" timestamp="20141128144910987" uniqueId="6BD6EF9B6BD6EF9B"><action seq="1" type="Modify"><inputparams><param seq="1" type="handle"><mappingpath>queryItem/promptInfo/promptFilterItemRef</mappingpath><value>/O/promptInfo[0]/promptFilterItemRef[0]/O/[gosales].[PRODUCT_LINE].[PRODUCT_LINE_EN]</value></param><param seq="2" type="i18nstring"><value>[gosales].[PRODUCT_LINE].[PRODUCT_LINE_CODE]</value></param></inputparams><domchanges/><result success="t"><outputparams/></result></action></transaction><transaction saved="true" seq="63" timestamp="20141128145303690" uniqueId="852A48AD852A48AD"><action seq="1" type="Modify"><inputparams><param seq="1" type="handle"><mappingpath>package/name</mappingpath><value>/O/name[0]/O/[].[packages].[gosales]</value></param><param seq="2" type="i18nstring"><value>GO Operational</value></param></inputparams><domchanges/><result success="t"><outputparams/></result></action></transaction><transaction saved="true" seq="64" timestamp="20141128145350940" uniqueId="B8B50B12B8B50B12"><action seq="1" type="SetSecurityViewAccess"><inputparams><param seq="1" type="handle"><mappingpath>securityView</mappingpath><value>[].[securityViews].[GO Operational]</value></param><param seq="2" type="integer"><value>1</value></param><param seq="3" type="cclnode"><value><![CDATA[<securityObjects/>]]></value></param></inputparams><domchanges/><result success="t"><outputparams/></result></action></transaction><transaction saved="true" seq="65" timestamp="20141128145351003" uniqueId="84DAA35E84DAA35E"><action seq="1" type="SetSecurityViewAccess"><inputparams><param seq="1" type="handle"><mappingpath>package</mappingpath><value>[].[packages].[GO Operational]</value></param><param seq="2" type="integer"><value>1</value></param><param seq="3" type="cclnode"><value><![CDATA[<securityObjects/>]]></value></param></inputparams><domchanges/><result success="t"><outputparams/></result></action></transaction><transaction saved="true" seq="66" timestamp="20141128145356846" uniqueId="B0B9900AB0B9900A"/><transaction saved="true" seq="67" timestamp="20141128145358831" uniqueId="652CEFD0652CEFD0"><action seq="1" type="Undo"><inputparams/><domchanges/><result success="t"><outputparams/></result></action></transaction><transaction event="Save" saved="true" seq="68" timestamp="20141128150426186" uniqueId="8A88ED568A88ED56" user="Student"/><transaction event="StartSession" saved="true" seq="69" timestamp="20141128150427358" uniqueId="B4E7A8D2B4E7A8D2" user="Student"/><transaction saved="true" seq="70" timestamp="20141128150428030" uniqueId="B0603F09B0603F09"><action seq="1" type="SetActiveLocale"><inputparams><param seq="1" type="i18nstring"><value>en</value></param></inputparams><domchanges/><result success="t"><outputparams/></result></action></transaction><transaction saved="true" seq="71" timestamp="20141128150637983" uniqueId="0A34EAAA0A34EAAA"><action seq="1" type="Modify"><inputparams><param seq="1" type="handle"><mappingpath>queryItem/usage</mappingpath><value>/O/usage[0]/O/[gosales].[PRODUCT].[BASE_PRODUCT_NUMBER]</value></param><param seq="2" type="i18nstring"><value>attribute</value></param></inputparams><domchanges/><result success="t"><outputparams/></result></action></transaction><transaction saved="true" seq="72" timestamp="20141128150640358" uniqueId="F87D5EA2F87D5EA2"><action seq="1" type="Modify"><inputparams><param seq="1" type="handle"><mappingpath>queryItem/usage</mappingpath><value>/O/usage[0]/O/[gosales].[EMPLOYEE_HISTORY].[EMPLOYEE_HISTORY_PARENT]</value></param><param seq="2" type="i18nstring"><value>attribute</value></param></inputparams><domchanges/><result success="t"><outputparams/></result></action></transaction><transaction saved="true" seq="73" timestamp="20141128150729733" uniqueId="DBB11CA5DBB11CA5"><action seq="1" type="Modify"><inputparams><param seq="1" type="handle"><mappingpath>queryItem/promptInfo/promptFilterItemRef</mappingpath><value>/O/promptInfo[0]/promptFilterItemRef[0]/O/[gosales].[COUNTRY].[COUNTRY_EN]</value></param><param seq="2" type="i18nstring"><value>[gosales].[COUNTRY].[COUNTRY_CODE]</value></param></inputparams><domchanges/><result success="t"><outputparams/></result></action></transaction><transaction saved="true" seq="74" timestamp="20141128150742420" uniqueId="B6F52B0AB6F52B0A"><action seq="1" type="Modify"><inputparams><param seq="1" type="handle"><mappingpath>queryItem/promptInfo/promptUseItemRef</mappingpath><value>/O/promptInfo[0]/promptUseItemRef[0]/O/[gosales].[COUNTRY].[COUNTRY_EN]</value></param><param seq="2" type="i18nstring"><value>[gosales].[COUNTRY].[COUNTRY_CODE]</value></param></inputparams><domchanges/><result success="t"><outputparams/></result></action></transaction><transaction saved="true" seq="75" timestamp="20141128150810327" uniqueId="B04D4D09B04D4D09"><action seq="1" type="SetSecurityViewAccess"><inputparams><param seq="1" type="handle"><mappingpath>securityView</mappingpath><value>[].[securityViews].[GO Operational]</value></param><param seq="2" type="integer"><value>1</value></param><param seq="3" type="cclnode"><value><![CDATA[<securityObjects/>]]></value></param></inputparams><domchanges/><result success="t"><outputparams/></result></action></transaction><transaction saved="true" seq="76" timestamp="20141128150810342" uniqueId="0352CDAF0352CDAF"><action seq="1" type="SetSecurityViewAccess"><inputparams><param seq="1" type="handle"><mappingpath>package</mappingpath><value>[].[packages].[GO Operational]</value></param><param seq="2" type="integer"><value>1</value></param><param seq="3" type="cclnode"><value><![CDATA[<securityObjects/>]]></value></param></inputparams><domchanges/><result success="t"><outputparams/></result></action></transaction><transaction saved="true" seq="77" timestamp="20141128150817030" uniqueId="B0A35B86B0A35B86"/><transaction saved="true" seq="78" timestamp="20141128150817639" uniqueId="06AFBBCA06AFBBCA"><action seq="1" type="Undo"><inputparams/><domchanges/><result success="t"><outputparams/></result></action></transaction><transaction event="Save" saved="true" seq="79" timestamp="20141128151339151" uniqueId="0F7421640F742164" user="Student"/><transaction event="StartSession" saved="true" seq="80" timestamp="20141128164807484" uniqueId="1F48EA621F48EA62" user="Student"/><transaction saved="true" seq="81" timestamp="20141128164808218" uniqueId="85F3066885F30668"><action seq="1" type="SetActiveLocale"><inputparams><param seq="1" type="i18nstring"><value>en</value></param></inputparams><domchanges/><result success="t"><outputparams/></result></action></transaction><transaction event="StartSession" saved="true" seq="82" timestamp="20141128170918625" uniqueId="25D8CCA825D8CCA8" user="Student"/><transaction saved="true" seq="83" timestamp="20141128170919484" uniqueId="8D3CF6A88D3CF6A8"><action seq="1" type="SetActiveLocale"><inputparams><param seq="1" type="i18nstring"><value>en</value></param></inputparams><domchanges/><result success="t"><outputparams/></result></action></transaction><transaction saved="true" seq="84" timestamp="20141128172012718" uniqueId="7CF9A8427CF9A842"><action seq="1" type="Modify"><inputparams><param seq="1" type="handle"><mappingpath>relationship/left/refobj</mappingpath><value>/O/left[0]/refobj[0]/O/[gosales].[EMPLOYEE &lt;--&gt; ORDER_HEADER]</value></param><param seq="2" type="i18nstring"><value>[gosales].[EMPLOYEE]</value></param></inputparams><domchanges/><result success="t"><outputparams/></result></action><action seq="2" type="Modify"><inputparams><param seq="1" type="handle"><mappingpath>relationship/left/mincard</mappingpath><value>/O/left[0]/mincard[0]/O/[gosales].[EMPLOYEE &lt;--&gt; ORDER_HEADER]</value></param><param seq="2" type="i18nstring"><value>one</value></param></inputparams><domchanges/><result success="t"><outputparams/></result></action><action seq="3" type="Modify"><inputparams><param seq="1" type="handle"><mappingpath>relationship/left/maxcard</mappingpath><value>/O/left[0]/maxcard[0]/O/[gosales].[EMPLOYEE &lt;--&gt; ORDER_HEADER]</value></param><param seq="2" type="i18nstring"><value>one</value></param></inputparams><domchanges/><result success="t"><outputparams/></result></action><action seq="4" type="Modify"><inputparams><param seq="1" type="handle"><mappingpath>relationship/right/refobj</mappingpath><value>/O/right[0]/refobj[0]/O/[gosales].[EMPLOYEE &lt;--&gt; ORDER_HEADER]</value></param><param seq="2" type="i18nstring"><value>[gosales].[ORDER_HEADER]</value></param></inputparams><domchanges/><result success="t"><outputparams/></result></action><action seq="5" type="Modify"><inputparams><param seq="1" type="handle"><mappingpath>relationship/right/mincard</mappingpath><value>/O/right[0]/mincard[0]/O/[gosales].[EMPLOYEE &lt;--&gt; ORDER_HEADER]</value></param><param seq="2" type="i18nstring"><value>one</value></param></inputparams><domchanges/><result success="t"><outputparams/></result></action><action seq="6" type="Modify"><inputparams><param seq="1" type="handle"><mappingpath>relationship/right/maxcard</mappingpath><value>/O/right[0]/maxcard[0]/O/[gosales].[EMPLOYEE &lt;--&gt; ORDER_HEADER]</value></param><param seq="2" type="i18nstring"><value>many</value></param></inputparams><domchanges/><result success="t"><outputparams/></result></action><action seq="7" type="ModifyComplex"><inputparams><param seq="1" type="handle"><mappingpath>relationship/expression</mappingpath><value>/O/expression[0]/O/[gosales].[EMPLOYEE &lt;--&gt; ORDER_HEADER]</value></param><param seq="2" type="i18nstring"><value>&lt;refobj&gt;[gosales].[EMPLOYEE].[EMPLOYEE_CODE]&lt;/refobj&gt; = &lt;refobj&gt;[gosales].[ORDER_HEADER].[SALES_STAFF_CODE]&lt;/refobj&gt;</value></param><param seq="3" type="integer"><value>0</value></param></inputparams><domchanges/><result success="t"><outputparams/></result></action><action seq="8" type="EvaluateObject"><inputparams><param seq="1" type="handle"><mappingpath>relationship</mappingpath><value>[gosales].[EMPLOYEE &lt;--&gt; ORDER_HEADER]</value></param></inputparams><domchanges/><result success="t"><outputparams/></result></action><action seq="9" type="Modify"><inputparams><param seq="1" type="handle"><mappingpath>relationship/left/refobj</mappingpath><value>/O/left[0]/refobj[0]/O/[gosales].[EMPLOYEE &lt;--&gt; ORDER_HEADER]</value></param><param seq="2" type="i18nstring"><value>[gosales].[EMPLOYEE]</value></param></inputparams><domchanges/><result success="t"><outputparams/></result></action><action seq="10" type="Modify"><inputparams><param seq="1" type="handle"><mappingpath>relationship/left/mincard</mappingpath><value>/O/left[0]/mincard[0]/O/[gosales].[EMPLOYEE &lt;--&gt; ORDER_HEADER]</value></param><param seq="2" type="i18nstring"><value>one</value></param></inputparams><domchanges/><result success="t"><outputparams/></result></action><action seq="11" type="Modify"><inputparams><param seq="1" type="handle"><mappingpath>relationship/left/maxcard</mappingpath><value>/O/left[0]/maxcard[0]/O/[gosales].[EMPLOYEE &lt;--&gt; ORDER_HEADER]</value></param><param seq="2" type="i18nstring"><value>one</value></param></inputparams><domchanges/><result success="t"><outputparams/></result></action><action seq="12" type="Modify"><inputparams><param seq="1" type="handle"><mappingpath>relationship/right/refobj</mappingpath><value>/O/right[0]/refobj[0]/O/[gosales].[EMPLOYEE &lt;--&gt; ORDER_HEADER]</value></param><param seq="2" type="i18nstring"><value>[gosales].[ORDER_HEADER]</value></param></inputparams><domchanges/><result success="t"><outputparams/></result></action><action seq="13" type="Modify"><inputparams><param seq="1" type="handle"><mappingpath>relationship/right/mincard</mappingpath><value>/O/right[0]/mincard[0]/O/[gosales].[EMPLOYEE &lt;--&gt; ORDER_HEADER]</value></param><param seq="2" type="i18nstring"><value>one</value></param></inputparams><domchanges/><result success="t"><outputparams/></result></action><action seq="14" type="Modify"><inputparams><param seq="1" type="handle"><mappingpath>relationship/right/maxcard</mappingpath><value>/O/right[0]/maxcard[0]/O/[gosales].[EMPLOYEE &lt;--&gt; ORDER_HEADER]</value></param><param seq="2" type="i18nstring"><value>many</value></param></inputparams><domchanges/><result success="t"><outputparams/></result></action><action seq="15" type="ModifyComplex"><inputparams><param seq="1" type="handle"><mappingpath>relationship/expression</mappingpath><value>/O/expression[0]/O/[gosales].[EMPLOYEE &lt;--&gt; ORDER_HEADER]</value></param><param seq="2" type="i18nstring"><value>&lt;refobj&gt;[gosales].[EMPLOYEE].[EMPLOYEE_CODE]&lt;/refobj&gt; = &lt;refobj&gt;[gosales].[ORDER_HEADER].[SALES_STAFF_CODE]&lt;/refobj&gt;</value></param><param seq="3" type="integer"><value>0</value></param></inputparams><domchanges/><result success="t"><outputparams/></result></action></transaction><transaction event="Save" saved="true" seq="85" timestamp="20141128172224218" uniqueId="668AE959668AE959" user="Student"/><transaction event="StartSession" saved="true" seq="86" timestamp="20150104160551519" uniqueId="890B02A6890B02A6" user="Student"/><transaction saved="true" seq="87" timestamp="20150104160552098" uniqueId="997AD82B997AD82B"><action seq="1" type="SetActiveLocale"><inputparams><param seq="1" type="i18nstring"><value>en</value></param></inputparams><domchanges/><result success="t"><outputparams/></result></action></transaction><transaction saved="true" seq="88" timestamp="20150104161101957" uniqueId="DC71EC5EDC71EC5E"><action seq="1" type="Modify"><inputparams><param seq="1" type="handle"><mappingpath>dataSource/cmDataSource</mappingpath><value>/O/cmDataSource[0]/O/[].[dataSources].[GOSALES2]</value></param><param seq="2" type="i18nstring"><value>GOSALES</value></param></inputparams><domchanges/><result success="t"><outputparams/></result></action></transaction><transaction event="Save" saved="true" seq="89" timestamp="20150104161116348" uniqueId="3BED45E13BED45E1" user="Student"/></bmtactionlog>
