<?xml version="1.0" encoding="UTF-8"?><idlog><t seq=""><map></map></t><t seq="2F91C5772F91C577"><map><id i="0" s="[]"/></map><a seq="-1"><id i="0"/></a></t><t seq="2F91C5772F91C577"><map><id i="0" s="[]"/><id i="1" s=""/></map><a seq="0"><id i="0"/><id i="1"/></a></t><t seq="46038FE746038FE7"><map></map></t><t seq="46038FE746038FE7"><map></map></t><t seq="CA8B8307CA8B8307"><map></map></t><t seq="CA8B8307CA8B8307"><map></map></t><t seq="A54F7DFEA54F7DFE"><map><id i="0" s="[gosales].[Product Type &amp; Product]"/><id i="1" s="[gosales].[Product Type &amp; Product].[PRODUCTION_COST]"/><id i="2" s="[Consolidation View].[Products]"/></map><a seq="0"><id i="0"/><id i="1"/><id i="2"/></a></t><t seq="0698E9F30698E9F3"><map><id i="0" s="[gosales].[Product Type &amp; Product]"/><id i="1" s="[gosales].[Product Type &amp; Product].[GROSS_MARGIN]"/></map><a seq="0"><id i="0"/><id i="1"/></a></t><t seq="141A13D1141A13D1"><map><id i="0" s="[Consolidation View].[Products].[Production Cost]"/><id i="1" s="[Dimensional View].[Products]"/></map><a seq="0"><id i="0"/><id i="1"/></a></t><t seq="B79C6222B79C6222"><map><id i="0" s="[Consolidation View].[Products].[Gross Margin]"/></map><a seq="0"><id i="0"/></a></t><t seq="AF465817AF465817"><map><id i="0" s="[Dimensional View].[Products].[Products].[Product].[Production Cost]"/></map><a seq="0"><id i="0"/></a></t><t seq="A9F7D7B7A9F7D7B7"><map><id i="0" s="[Dimensional View].[Products].[Products].[Product].[Gross Margin]"/></map><a seq="0"><id i="0"/></a></t><t seq="EE4FB764EE4FB764"><map></map></t><t seq="EE4FB764EE4FB764"><map></map></t><t seq="6A3546356A354635"><map></map></t><t seq="F0FE1543F0FE1543"><map></map></t><t seq="F0FE1543F0FE1543"><map></map></t><t seq="A0157AF5A0157AF5"><map><id i="0" s="[].[parameterMaps].[_governor].[parameterMapEntry]"/><id i="1" s="[].[parameterMaps].[_governor].[updateQS]"/><id i="2" s="[gosales].[PRODUCT].[PRODUCTION_COST]"/><id i="3" s="[gosales].[PRODUCT].[GROSS_MARGIN]"/><id i="4" s="[gosales].[PRODUCT]"/><id i="5" s="[gosales].[PRODUCT].[BASE_PRODUCT_NUMBER]"/><id i="6" s="[gosales].[PRODUCT].[PRODUCT_COLOR_CODE]"/><id i="7" s="[gosales].[PRODUCT].[PRODUCT_SIZE_CODE]"/><id i="8" s="[gosales].[PRODUCT].[PRODUCT_BRAND_CODE]"/><id i="9" s="[gosales].[PRODUCT].[PRODUCT_IMAGE]"/><id i="10" s="[gosales].[PRODUCT].[PRODUCT_NUMBER]"/><id i="11" s="[gosales].[PRODUCT].[INTRODUCTION_DATE]"/><id i="12" s="[gosales].[PRODUCT].[DISCONTINUED_DATE]"/><id i="13" s="[gosales].[PRODUCT].[PRODUCT_TYPE_CODE]"/></map><a seq="-1"><id i="0"/><id i="1"/></a><a seq="0"><id i="2"/><id i="3"/><id i="4"/><id i="5"/><id i="6"/><id i="7"/><id i="8"/><id i="9"/><id i="10"/><id i="11"/><id i="12"/><id i="13"/></a></t></idlog>