<?xml version="1.0" encoding="UTF-8" ?>
<bmtactionlog project="C:\Edcognos\B5A52\CBIFM-Start Files\Module 17\GO Operational\log.xml" timestamp="20141112154430946" user="Student" version="10.2.6100.67"><transaction event="StartLog" saved="true" seq="1" timestamp="20141112103119146" uniqueId="028F5045028F5045" user="Student"/><transaction event="StartSession" saved="true" seq="2" timestamp="20141112103119146" uniqueId="028F5045028F5045" user="Student"/><transaction saved="true" seq="3" timestamp="20141112103146239" uniqueId="AE7E92AFAE7E92AF"><action seq="1" type="SetActiveLocale"><inputparams><param seq="1" type="i18nstring"><value>en</value></param></inputparams><domchanges/><result success="t"><outputparams/></result></action></transaction><transaction saved="true" seq="4" timestamp="20141112111005052" uniqueId="52724AB252724AB2"><action seq="1" type="SetSecurityViewAccess"><inputparams><param seq="1" type="handle"><mappingpath>securityView</mappingpath><value>[].[securityViews].[GO Operational (query)]</value></param><param seq="2" type="integer"><value>1</value></param><param seq="3" type="cclnode"><value><![CDATA[<securityObjects/>]]></value></param></inputparams><domchanges/><result success="t"><outputparams/></result></action></transaction><transaction saved="true" seq="5" timestamp="20141112111005114" uniqueId="CC9A121BCC9A121B"><action seq="1" type="SetSecurityViewAccess"><inputparams><param seq="1" type="handle"><mappingpath>package</mappingpath><value>[].[packages].[GO Operational (query)]</value></param><param seq="2" type="integer"><value>1</value></param><param seq="3" type="cclnode"><value><![CDATA[<securityObjects/>]]></value></param></inputparams><domchanges/><result success="t"><outputparams/></result></action></transaction><transaction saved="true" seq="6" timestamp="20141112111014943" uniqueId="2F91C5772F91C577"/><transaction saved="true" seq="7" timestamp="20141112111018380" uniqueId="D0EC5223D0EC5223"><action seq="1" type="Undo"><inputparams/><domchanges/><result success="t"><outputparams/></result></action></transaction><transaction saved="true" seq="8" timestamp="20141112153025603" uniqueId="A54F7DFEA54F7DFE"><action seq="1" type="Delete"><inputparams><param seq="1" type="handle"><mappingpath>queryItem</mappingpath><value>[gosales].[Product Type &amp; Product].[PRODUCTION_COST]</value></param></inputparams><domchanges/><result success="t"><outputparams/></result></action></transaction><transaction saved="true" seq="9" timestamp="20141112153034806" uniqueId="0698E9F30698E9F3"><action seq="1" type="Delete"><inputparams><param seq="1" type="handle"><mappingpath>queryItem</mappingpath><value>[gosales].[Product Type &amp; Product].[GROSS_MARGIN]</value></param></inputparams><domchanges/><result success="t"><outputparams/></result></action></transaction><transaction saved="true" seq="10" timestamp="20141112153146556" uniqueId="141A13D1141A13D1"><action seq="1" type="Delete"><inputparams><param seq="1" type="handle"><mappingpath>queryItem</mappingpath><value>[Consolidation View].[Products].[Production Cost]</value></param></inputparams><domchanges/><result success="t"><outputparams/></result></action></transaction><transaction saved="true" seq="11" timestamp="20141112153155009" uniqueId="B79C6222B79C6222"><action seq="1" type="Delete"><inputparams><param seq="1" type="handle"><mappingpath>queryItem</mappingpath><value>[Consolidation View].[Products].[Gross Margin]</value></param></inputparams><domchanges/><result success="t"><outputparams/></result></action></transaction><transaction saved="true" seq="12" timestamp="20141112153230806" uniqueId="AF465817AF465817"><action seq="1" type="Delete"><inputparams><param seq="1" type="handle"><mappingpath>queryItem</mappingpath><value>[Dimensional View].[Products].[Products].[Product].[Production Cost]</value></param></inputparams><domchanges/><result success="t"><outputparams/></result></action></transaction><transaction saved="true" seq="13" timestamp="20141112153234228" uniqueId="A9F7D7B7A9F7D7B7"><action seq="1" type="Delete"><inputparams><param seq="1" type="handle"><mappingpath>queryItem</mappingpath><value>[Dimensional View].[Products].[Products].[Product].[Gross Margin]</value></param></inputparams><domchanges/><result success="t"><outputparams/></result></action></transaction><transaction saved="true" seq="14" timestamp="20141112153249759" uniqueId="6A3546356A354635"/><transaction event="Save" saved="true" seq="15" timestamp="20141112154430946" uniqueId="C1FBFE03C1FBFE03" user="Student"/><transaction event="StartSession" saved="true" seq="16" timestamp="20150105185056711" uniqueId="3A054D2B3A054D2B" user="Student"/><transaction saved="true" seq="17" timestamp="20150105185108789" uniqueId="2D8E89702D8E8970"><action seq="1" type="SetActiveLocale"><inputparams><param seq="1" type="i18nstring"><value>en</value></param></inputparams><domchanges/><result success="t"><outputparams/></result></action></transaction><transaction saved="true" seq="18" timestamp="20150105185219930" uniqueId="A0157AF5A0157AF5"><action seq="1" type="UpdateQuerySubjects"><inputparams><param seq="1" type="bmtparams"><value><param seq="0" type="handle"><mappingpath>querySubject</mappingpath><value>[gosales].[PRODUCT]</value></param></value></param></inputparams><domchanges/><result success="t"><outputparams/></result></action></transaction><transaction event="Save" saved="true" seq="19" timestamp="20150105185303492" uniqueId="D421106FD421106F" user="Student"/></bmtactionlog>
