<?xml version="1.0" encoding="UTF-8" ?>
<bmtactionlog project="C:\Edcognos\B5A52\CBIFM-Start Files\Module 19\GO Operational\log.xml" timestamp="20141204124726966" user="Student" version="10.2.6100.82"><transaction event="StartLog" saved="true" seq="1" timestamp="20141204124637607" uniqueId="07254F3007254F30" user="Student"/><transaction event="StartSession" saved="true" seq="2" timestamp="20141204124637607" uniqueId="07254F3007254F30" user="Student"/><transaction saved="true" seq="3" timestamp="20141204124638435" uniqueId="B6B4018EB6B4018E"><action seq="1" type="SetActiveLocale"><inputparams><param seq="1" type="i18nstring"><value>en</value></param></inputparams><domchanges/><result success="t"><outputparams/></result></action></transaction><transaction event="Save" saved="true" seq="4" timestamp="20141204124726966" uniqueId="2C966DD82C966DD8" user="Student"/><transaction event="StartSession" saved="true" seq="5" timestamp="20150112171501127" uniqueId="1844E9971844E997" user="Student"/><transaction saved="true" seq="6" timestamp="20150112171501736" uniqueId="597D21F3597D21F3"><action seq="1" type="SetActiveLocale"><inputparams><param seq="1" type="i18nstring"><value>en</value></param></inputparams><domchanges/><result success="t"><outputparams/></result></action></transaction><transaction saved="true" seq="7" timestamp="20150112171519877" uniqueId="8F16DF0A8F16DF0A"><action seq="1" type="Delete"><inputparams><param seq="1" type="handle"><mappingpath>queryItem</mappingpath><value>[Dimensional View].[Products].[Products].[Product].[Production Cost]</value></param><param seq="2" type="handle"><mappingpath>queryItem</mappingpath><value>[Dimensional View].[Products].[Products].[Product].[Gross Margin]</value></param></inputparams><domchanges/><result success="t"><outputparams/></result></action></transaction><transaction saved="true" seq="8" timestamp="20150112171526971" uniqueId="014212D6014212D6"><action seq="1" type="Delete"><inputparams><param seq="1" type="handle"><mappingpath>queryItem</mappingpath><value>[Consolidation View].[Products].[Production Cost]</value></param><param seq="2" type="handle"><mappingpath>queryItem</mappingpath><value>[Consolidation View].[Products].[Gross Margin]</value></param></inputparams><domchanges/><result success="t"><outputparams/></result></action></transaction><transaction saved="true" seq="9" timestamp="20150112171541268" uniqueId="89B754CC89B754CC"><action seq="1" type="Delete"><inputparams><param seq="1" type="handle"><mappingpath>queryItem</mappingpath><value>[gosales].[Product Type &amp; Product].[PRODUCTION_COST]</value></param><param seq="2" type="handle"><mappingpath>queryItem</mappingpath><value>[gosales].[Product Type &amp; Product].[GROSS_MARGIN]</value></param></inputparams><domchanges/><result success="t"><outputparams/></result></action></transaction><transaction saved="true" seq="10" timestamp="20150112171554064" uniqueId="7BD054597BD05459"><action seq="1" type="UpdateQuerySubjects"><inputparams><param seq="1" type="bmtparams"><value><param seq="0" type="handle"><mappingpath>querySubject</mappingpath><value>[gosales].[PRODUCT]</value></param></value></param></inputparams><domchanges/><result success="t"><outputparams/></result></action></transaction><transaction event="Save" saved="true" seq="11" timestamp="20150112171603893" uniqueId="4E37500D4E37500D" user="Student"/></bmtactionlog>
