<?xml version="1.0" encoding="UTF-8" ?>
<bmtactionlog project="C:\Edcognos\B5252\CBIFM-Start Files\Module 9\GO Operational\log.xml" timestamp="20120808100850027" user="Student" version="10.2.1003.39"><transaction event="StartLog" saved="true" seq="1" timestamp="20120808100834339" uniqueId="3B436CBE3B436CBE" user="Student"/><transaction event="StartSession" saved="true" seq="2" timestamp="20120808100834433" uniqueId="3B436CBE3B436CBE" user="Student"/><transaction saved="true" seq="3" timestamp="20120808100839234" uniqueId="8DAC672A8DAC672A"><action seq="1" type="SetActiveLocale"><inputparams><param seq="1" type="i18nstring"><value>en</value></param></inputparams><domchanges/><result success="t"><outputparams/></result></action></transaction><transaction event="Save" saved="true" seq="4" timestamp="20120808100850027" uniqueId="CB413CBDCB413CBD" user="Student"/><transaction saved="true" seq="5" timestamp="20120808101342969" uniqueId="26D0FDE726D0FDE7"><action seq="1" type="UpdateObject"><inputparams><param seq="1" type="handle"><mappingpath>querySubject</mappingpath><value>[gosales].[Sales Fact]</value></param><param seq="2" type="cclnode"><value><![CDATA[<updateObjectRequest><tasks><task name="addObject"><parameters><param locale="en" name="objectName" value="Revenue"/><param name="objectType" value="queryItem"/><param name="makeNameUnique" value="false"/><param name="basedOn"><expression><refobj>[gosales].[Sales Fact].[Quantity]</refobj> *<refobj>[gosales].[Sales Fact].[Unit Sale Price]</refobj> </expression></param></parameters></task></tasks></updateObjectRequest>]]></value></param></inputparams><domchanges/><result success="t"><outputparams/></result></action><action seq="2" type="UpdateObject"><inputparams><param seq="1" type="handle"><mappingpath>querySubject</mappingpath><value>[gosales].[Sales Fact]</value></param><param seq="2" type="cclnode"><value><![CDATA[<updateObjectRequest><tasks><task name="addObject"><parameters><param locale="en" name="objectName" value="Gross Profit"/><param name="objectType" value="queryItem"/><param name="makeNameUnique" value="false"/><param name="basedOn"><expression><refobj>[gosales].[Sales Fact].[Revenue]</refobj> -(<refobj>[gosales].[Sales Fact].[Quantity]</refobj> *<refobj>[gosales].[Sales Fact].[Unit Cost]</refobj> )</expression></param></parameters></task></tasks></updateObjectRequest>]]></value></param></inputparams><domchanges/><result success="t"><outputparams/></result></action><action seq="3" type="UpdateObject"><inputparams><param seq="1" type="handle"><mappingpath>querySubject</mappingpath><value>[gosales].[Sales Fact]</value></param><param seq="2" type="cclnode"><value><![CDATA[<updateObjectRequest><tasks><task name="addObject"><parameters><param locale="en" name="objectName" value="Margin"/><param name="objectType" value="queryItem"/><param name="makeNameUnique" value="false"/><param name="basedOn"><expression><refobj>[gosales].[Sales Fact].[Gross Profit]</refobj> /<refobj>[gosales].[Sales Fact].[Revenue]</refobj> </expression></param></parameters></task></tasks></updateObjectRequest>]]></value></param></inputparams><domchanges/><result success="t"><outputparams/></result></action><action seq="4" type="EvaluateObject"><inputparams><param seq="1" type="handle"><mappingpath>querySubject</mappingpath><value>[gosales].[Sales Fact]</value></param></inputparams><domchanges/><result success="t"><outputparams/></result></action></transaction><transaction saved="true" seq="6" timestamp="20120808101834296" uniqueId="E46D79E7E46D79E7"><action seq="1" type="AddProperty"><inputparams><param seq="1" type="handle"><mappingpath>queryItem</mappingpath><value>[gosales].[Sales Fact].[Revenue]</value></param><param seq="2" type="i18nstring"><value>queryItem/format</value></param></inputparams><domchanges/><result success="t"><outputparams/></result></action><action seq="2" type="Modify"><inputparams><param seq="1" type="handle"><mappingpath>queryItem/format</mappingpath><value>/O/format[0]/O/[gosales].[Sales Fact].[Revenue]</value></param><param seq="2" type="i18nstring"><value>&amp;lt;formatGroup&amp;gt;&amp;lt;currencyFormat xml:lang=&amp;quot;en-us&amp;quot; currencyCode=&amp;quot;USD&amp;quot; /&amp;gt;&amp;lt;/formatGroup&amp;gt;</value></param></inputparams><domchanges/><result success="t"><outputparams/></result></action></transaction><transaction saved="true" seq="7" timestamp="20120808101902806" uniqueId="C5C52EFCC5C52EFC"><action seq="1" type="ModifyComplex"><inputparams><param seq="1" type="handle"><mappingpath>queryItem/format</mappingpath><value>/O/format[0]/O/[gosales].[Sales Fact].[Gross Profit]</value></param><param seq="2" type="i18nstring"><value>&amp;amp;lt;formatGroup&amp;amp;gt;&amp;amp;lt;currencyFormat xml:lang=&amp;amp;quot;en-us&amp;amp;quot; currencyCode=&amp;amp;quot;USD&amp;amp;quot; /&amp;amp;gt;&amp;amp;lt;/formatGroup&amp;amp;gt;</value></param></inputparams><domchanges/><result success="t"><outputparams/></result></action></transaction><transaction saved="true" seq="8" timestamp="20120808101911673" uniqueId="17CC643C17CC643C"><action seq="1" type="AddProperty"><inputparams><param seq="1" type="handle"><mappingpath>queryItem</mappingpath><value>[gosales].[Sales Fact].[Margin]</value></param><param seq="2" type="i18nstring"><value>queryItem/format</value></param></inputparams><domchanges/><result success="t"><outputparams/></result></action><action seq="2" type="Modify"><inputparams><param seq="1" type="handle"><mappingpath>queryItem/format</mappingpath><value>/O/format[0]/O/[gosales].[Sales Fact].[Margin]</value></param><param seq="2" type="i18nstring"><value>&amp;lt;formatGroup&amp;gt;&amp;lt;percentFormat xml:lang=&amp;quot;en-us&amp;quot; /&amp;gt;&amp;lt;/formatGroup&amp;gt;</value></param></inputparams><domchanges/><result success="t"><outputparams/></result></action></transaction><transaction saved="true" seq="9" timestamp="20120808101935411" uniqueId="BE20EBE4BE20EBE4"><action seq="1" type="UpdateObject"><inputparams><param seq="1" type="handle"><mappingpath>querySubject</mappingpath><value>[Consolidation View].[Sales Fact]</value></param><param seq="2" type="cclnode"><value><![CDATA[<updateObjectRequest><tasks><task name="addObject"><parameters><param locale="en" name="objectName" value="Revenue"/><param name="objectType" value="queryItem"/><param name="makeNameUnique" value="false"/><param name="basedOn"><expression><refobj>[gosales].[Sales Fact].[Revenue]</refobj></expression></param></parameters></task></tasks></updateObjectRequest>]]></value></param></inputparams><domchanges/><result success="t"><outputparams/></result></action><action seq="2" type="UpdateObject"><inputparams><param seq="1" type="handle"><mappingpath>querySubject</mappingpath><value>[Consolidation View].[Sales Fact]</value></param><param seq="2" type="cclnode"><value><![CDATA[<updateObjectRequest><tasks><task name="addObject"><parameters><param locale="en" name="objectName" value="Gross Profit"/><param name="objectType" value="queryItem"/><param name="makeNameUnique" value="false"/><param name="basedOn"><expression><refobj>[gosales].[Sales Fact].[Gross Profit]</refobj></expression></param></parameters></task></tasks></updateObjectRequest>]]></value></param></inputparams><domchanges/><result success="t"><outputparams/></result></action><action seq="3" type="UpdateObject"><inputparams><param seq="1" type="handle"><mappingpath>querySubject</mappingpath><value>[Consolidation View].[Sales Fact]</value></param><param seq="2" type="cclnode"><value><![CDATA[<updateObjectRequest><tasks><task name="addObject"><parameters><param locale="en" name="objectName" value="Margin"/><param name="objectType" value="queryItem"/><param name="makeNameUnique" value="false"/><param name="basedOn"><expression><refobj>[gosales].[Sales Fact].[Margin]</refobj></expression></param></parameters></task></tasks></updateObjectRequest>]]></value></param></inputparams><domchanges/><result success="t"><outputparams/></result></action><action seq="4" type="ReorderBefore"><inputparams><param seq="1" type="handle"><mappingpath>queryItem</mappingpath><value>[Consolidation View].[Sales Fact].[Revenue]</value></param><param seq="2" type="handle"><mappingpath>queryItem</mappingpath><value>[Consolidation View].[Sales Fact].[Unit Sale Price]</value></param></inputparams><domchanges/><result success="t"><outputparams/></result></action><action seq="5" type="ReorderBefore"><inputparams><param seq="1" type="handle"><mappingpath>queryItem</mappingpath><value>[Consolidation View].[Sales Fact].[Revenue]</value></param><param seq="2" type="handle"><mappingpath>queryItem</mappingpath><value>[Consolidation View].[Sales Fact].[Unit Price]</value></param></inputparams><domchanges/><result success="t"><outputparams/></result></action><action seq="6" type="ReorderBefore"><inputparams><param seq="1" type="handle"><mappingpath>queryItem</mappingpath><value>[Consolidation View].[Sales Fact].[Revenue]</value></param><param seq="2" type="handle"><mappingpath>queryItem</mappingpath><value>[Consolidation View].[Sales Fact].[Unit Cost]</value></param></inputparams><domchanges/><result success="t"><outputparams/></result></action><action seq="7" type="ReorderBefore"><inputparams><param seq="1" type="handle"><mappingpath>queryItem</mappingpath><value>[Consolidation View].[Sales Fact].[Revenue]</value></param><param seq="2" type="handle"><mappingpath>queryItem</mappingpath><value>[Consolidation View].[Sales Fact].[Quantity]</value></param></inputparams><domchanges/><result success="t"><outputparams/></result></action><action seq="8" type="ResetPromptValues"><inputparams><param seq="1" type="integer"><value>1</value></param></inputparams><domchanges/><result success="t"><outputparams/></result></action><action seq="9" type="ResetPromptValues"><inputparams><param seq="1" type="integer"><value>1</value></param></inputparams><domchanges/><result success="t"><outputparams/></result></action></transaction><transaction event="Save" saved="true" seq="10" timestamp="20120808102108644" uniqueId="E190A1F2E190A1F2" user="Student"/><transaction event="StartSession" saved="true" seq="11" timestamp="20120808102115241" uniqueId="97A5421E97A5421E" user="Student"/><transaction saved="true" seq="12" timestamp="20120808102123964" uniqueId="C42A72ECC42A72EC"><action seq="1" type="SetActiveLocale"><inputparams><param seq="1" type="i18nstring"><value>en</value></param></inputparams><domchanges/><result success="t"><outputparams/></result></action></transaction><transaction saved="true" seq="13" timestamp="20120808102210364" uniqueId="945C40A7945C40A7"><action seq="1" type="UpdateObject"><inputparams><param seq="1" type="handle"><mappingpath>querySubject</mappingpath><value>[gosales].[EMPLOYEE_HISTORY]</value></param><param seq="2" type="cclnode"><value><![CDATA[<updateObjectRequest><tasks><task name="addProperty"><parameters><param name="propertyType" value="filter"/><param name="propertyValue"><expression/></param><param name="caption" value="New Filter"/><param name="filterApplyType" value="always"/></parameters></task></tasks></updateObjectRequest>]]></value></param></inputparams><domchanges/><result success="t"><outputparams/></result></action><action seq="2" type="Modify"><inputparams><param seq="1" type="handle"><mappingpath>querySubject/definition/dbQuery/filters/filterDefinition/displayName</mappingpath><value>/O/definition[0]/dbQuery[0]/filters[0]/filterDefinition[0]/displayName[0]/O/[gosales].[EMPLOYEE_HISTORY]</value></param><param seq="2" type="i18nstring"><value>Current Employee History Record</value></param></inputparams><domchanges/><result success="t"><outputparams/></result></action><action seq="3" type="ModifyComplex"><inputparams><param seq="1" type="handle"><mappingpath>querySubject/definition/dbQuery/filters/filterDefinition/expression</mappingpath><value>/O/definition[0]/dbQuery[0]/filters[0]/filterDefinition[0]/expression[0]/O/[gosales].[EMPLOYEE_HISTORY]</value></param><param seq="2" type="i18nstring"><value>&lt;refobj&gt;[gosales].[EMPLOYEE_HISTORY].[RECORD_END_DATE]&lt;/refobj&gt; IS NULL</value></param></inputparams><domchanges/><result success="t"><outputparams/></result></action><action seq="4" type="Modify"><inputparams><param seq="1" type="handle"><mappingpath>querySubject/definition/dbQuery/filters/filterDefinition/@apply</mappingpath><value>/O/definition[0]/dbQuery[0]/filters[0]/filterDefinition[0]/@apply/O/[gosales].[EMPLOYEE_HISTORY]</value></param><param seq="2" type="i18nstring"><value>always</value></param></inputparams><domchanges/><result success="t"><outputparams/></result></action></transaction><transaction saved="true" seq="14" timestamp="20120808102340099" uniqueId="A30DF281A30DF281"><action seq="1" type="Create"><inputparams><param seq="1" type="integer"><value>5</value></param><param seq="2" type="handle"><mappingpath>namespace</mappingpath><value>[Consolidation View]</value></param><param seq="3" type="i18nstring"><value>Model Filters</value></param><param seq="4" type="integer"><value>1</value></param></inputparams><domchanges/><result success="t"><outputparams/></result></action><action seq="2" type="Move"><inputparams><param seq="1" type="handle"><mappingpath>folder</mappingpath><value>[Consolidation View].[Model Filters]</value></param></inputparams><domchanges/><result success="t"><outputparams/></result></action></transaction><transaction saved="true" seq="15" timestamp="20120808102411910" uniqueId="AD82AE37AD82AE37"><action seq="1" type="Create"><inputparams><param seq="1" type="integer"><value>5</value></param><param seq="2" type="handle"><mappingpath>folder</mappingpath><value>[Consolidation View].[Model Filters]</value></param><param seq="3" type="i18nstring"><value>Retailer Location Filters</value></param><param seq="4" type="integer"><value>1</value></param></inputparams><domchanges/><result success="t"><outputparams/></result></action><action seq="2" type="Move"><inputparams><param seq="1" type="handle"><mappingpath>folder</mappingpath><value>[Consolidation View].[Retailer Location Filters]</value></param></inputparams><domchanges/><result success="t"><outputparams/></result></action></transaction><transaction saved="true" seq="16" timestamp="20120808102439351" uniqueId="47E8357847E83578"><action seq="1" type="Create"><inputparams><param seq="1" type="integer"><value>13</value></param><param seq="2" type="handle"><mappingpath>folder</mappingpath><value>[Consolidation View].[Retailer Location Filters]</value></param><param seq="3" type="i18nstring"><value>Americas</value></param></inputparams><domchanges/><result success="t"><outputparams/></result></action><action seq="2" type="ResetPromptValues"><inputparams><param seq="1" type="integer"><value>1</value></param></inputparams><domchanges/><result success="t"><outputparams/></result></action><action seq="3" type="ModifyComplex"><inputparams><param seq="1" type="handle"><mappingpath>filter/expression</mappingpath><value>/O/expression[0]/O/[Consolidation View].[Americas]</value></param><param seq="2" type="i18nstring"><value>&lt;refobj&gt;[Consolidation View].[Retailer by Location].[Retailer Site Region Code]&lt;/refobj&gt; = 710</value></param></inputparams><domchanges/><result success="t"><outputparams/></result></action></transaction><transaction saved="true" seq="17" timestamp="20120808102542146" uniqueId="2591D14B2591D14B"><action seq="1" type="Create"><inputparams><param seq="1" type="integer"><value>13</value></param><param seq="2" type="handle"><mappingpath>folder</mappingpath><value>[Consolidation View].[Retailer Location Filters]</value></param><param seq="3" type="i18nstring"><value>Asia Pacific</value></param></inputparams><domchanges/><result success="t"><outputparams/></result></action><action seq="2" type="ResetPromptValues"><inputparams><param seq="1" type="integer"><value>1</value></param></inputparams><domchanges/><result success="t"><outputparams/></result></action><action seq="3" type="ModifyComplex"><inputparams><param seq="1" type="handle"><mappingpath>filter/expression</mappingpath><value>/O/expression[0]/O/[Consolidation View].[Asia Pacific]</value></param><param seq="2" type="i18nstring"><value>&lt;refobj&gt;[Consolidation View].[Retailer by Location].[Retailer Site Region Code]&lt;/refobj&gt; = 740</value></param></inputparams><domchanges/><result success="t"><outputparams/></result></action></transaction><transaction saved="true" seq="18" timestamp="20120808102623829" uniqueId="FB2F6B15FB2F6B15"><action seq="1" type="Create"><inputparams><param seq="1" type="integer"><value>13</value></param><param seq="2" type="handle"><mappingpath>folder</mappingpath><value>[Consolidation View].[Retailer Location Filters]</value></param><param seq="3" type="i18nstring"><value>Northern Europe</value></param></inputparams><domchanges/><result success="t"><outputparams/></result></action><action seq="2" type="ResetPromptValues"><inputparams><param seq="1" type="integer"><value>1</value></param></inputparams><domchanges/><result success="t"><outputparams/></result></action><action seq="3" type="ModifyComplex"><inputparams><param seq="1" type="handle"><mappingpath>filter/expression</mappingpath><value>/O/expression[0]/O/[Consolidation View].[Northern Europe]</value></param><param seq="2" type="i18nstring"><value>&lt;refobj&gt;[Consolidation View].[Retailer by Location].[Retailer Site Region Code]&lt;/refobj&gt; = 750</value></param></inputparams><domchanges/><result success="t"><outputparams/></result></action></transaction><transaction saved="true" seq="19" timestamp="20120808102726358" uniqueId="BEF092A2BEF092A2"><action seq="1" type="Create"><inputparams><param seq="1" type="integer"><value>13</value></param><param seq="2" type="handle"><mappingpath>folder</mappingpath><value>[Consolidation View].[Retailer Location Filters]</value></param><param seq="3" type="i18nstring"><value>Central Europe</value></param></inputparams><domchanges/><result success="t"><outputparams/></result></action><action seq="2" type="ResetPromptValues"><inputparams><param seq="1" type="integer"><value>1</value></param></inputparams><domchanges/><result success="t"><outputparams/></result></action><action seq="3" type="ModifyComplex"><inputparams><param seq="1" type="handle"><mappingpath>filter/expression</mappingpath><value>/O/expression[0]/O/[Consolidation View].[Central Europe]</value></param><param seq="2" type="i18nstring"><value>&lt;refobj&gt;[Consolidation View].[Retailer by Location].[Retailer Site Region Code]&lt;/refobj&gt; =760</value></param></inputparams><domchanges/><result success="t"><outputparams/></result></action></transaction><transaction saved="true" seq="20" timestamp="20120808102805169" uniqueId="D757CCBBD757CCBB"><action seq="1" type="Create"><inputparams><param seq="1" type="integer"><value>13</value></param><param seq="2" type="handle"><mappingpath>folder</mappingpath><value>[Consolidation View].[Retailer Location Filters]</value></param><param seq="3" type="i18nstring"><value>Southern Europe</value></param></inputparams><domchanges/><result success="t"><outputparams/></result></action><action seq="2" type="ResetPromptValues"><inputparams><param seq="1" type="integer"><value>1</value></param></inputparams><domchanges/><result success="t"><outputparams/></result></action><action seq="3" type="ModifyComplex"><inputparams><param seq="1" type="handle"><mappingpath>filter/expression</mappingpath><value>/O/expression[0]/O/[Consolidation View].[Southern Europe]</value></param><param seq="2" type="i18nstring"><value>&lt;refobj&gt;[Consolidation View].[Retailer by Location].[Retailer Site Region Code]&lt;/refobj&gt; = 770</value></param></inputparams><domchanges/><result success="t"><outputparams/></result></action></transaction><transaction event="Save" saved="true" seq="21" timestamp="20120808102908397" uniqueId="17B5A96B17B5A96B" user="Student"/><transaction event="StartSession" saved="true" seq="22" timestamp="20120808102913640" uniqueId="9B95A0229B95A022" user="Student"/><transaction saved="true" seq="23" timestamp="20120808102924626" uniqueId="E4F2A690E4F2A690"><action seq="1" type="SetActiveLocale"><inputparams><param seq="1" type="i18nstring"><value>en</value></param></inputparams><domchanges/><result success="t"><outputparams/></result></action></transaction><transaction saved="true" seq="24" timestamp="20120808102958605" uniqueId="36E509E536E509E5"><action seq="1" type="SetSecurityViewAccess"><inputparams><param seq="1" type="handle"><mappingpath>securityView</mappingpath><value>[].[securityViews].[GO Operational]</value></param><param seq="2" type="integer"><value>1</value></param><param seq="3" type="cclnode"><value><![CDATA[<securityObjects/>]]></value></param></inputparams><domchanges/><result success="t"><outputparams/></result></action></transaction><transaction saved="true" seq="25" timestamp="20120808102958730" uniqueId="14CE011814CE0118"><action seq="1" type="SetSecurityViewAccess"><inputparams><param seq="1" type="handle"><mappingpath>package</mappingpath><value>[].[packages].[GO Operational]</value></param><param seq="2" type="integer"><value>1</value></param><param seq="3" type="cclnode"><value><![CDATA[<securityObjects/>]]></value></param></inputparams><domchanges/><result success="t"><outputparams/></result></action></transaction><transaction saved="true" seq="26" timestamp="20120808103010155" uniqueId="F9CA4AF9F9CA4AF9"/><transaction saved="true" seq="27" timestamp="20120808103017120" uniqueId="292C45C4292C45C4"><action seq="1" type="Undo"><inputparams/><domchanges/><result success="t"><outputparams/></result></action></transaction><transaction saved="true" seq="28" timestamp="20120808103730132" uniqueId="D4E56438D4E56438"><action seq="1" type="Create"><inputparams><param seq="1" type="integer"><value>14</value></param><param seq="2" type="handle"><mappingpath>parameterMaps</mappingpath><value>[].[parameterMaps]</value></param><param seq="3" type="i18nstring"><value>Language_lookup</value></param><param seq="4" type="integer"><value>1</value></param></inputparams><domchanges/><result success="t"><outputparams/></result></action><action seq="2" type="PopulateParameterMap"><inputparams><param seq="1" type="handle"><mappingpath>parameterMap</mappingpath><value>[].[parameterMaps].[Language_lookup]</value></param><param seq="2" type="i18nstring"><value>D:\Program Files\IBM\cognos\c10\webcontent\samples\models\Language_lookup.txt</value></param><param seq="3" type="integer"><value>1</value></param></inputparams><domchanges/><result success="t"><outputparams/></result></action></transaction><transaction saved="true" seq="29" timestamp="20120808103905033" uniqueId="C47713B8C47713B8"><action seq="1" type="ResetPromptValues"><inputparams><param seq="1" type="integer"><value>1</value></param></inputparams><domchanges/><result success="t"><outputparams/></result></action><action seq="2" type="ModifyComplex"><inputparams><param seq="1" type="handle"><mappingpath>queryItem/expression</mappingpath><value>/O/expression[0]/O/[gosales].[Retailer Site Region (alias)].[Retailer Site Region]</value></param><param seq="2" type="i18nstring"><value>#&amp;apos;[gosales].[SALES_REGION].[SALES_REGION_&amp;apos; + $Language_lookup{$runLocale} + &amp;apos;]&amp;apos;#</value></param></inputparams><domchanges/><result success="t"><outputparams/></result></action></transaction><transaction saved="true" seq="30" timestamp="20120808104335327" uniqueId="9095184F9095184F"><action seq="1" type="AddLocale"><inputparams><param seq="1" type="stringCollection"><value>&lt;stringCollection&gt;&lt;item&gt;fr&lt;/item&gt;&lt;/stringCollection&gt;</value></param><param seq="2" type="i18nstring"><value>en</value></param></inputparams><domchanges/><result success="t"><outputparams/></result></action></transaction><transaction saved="true" seq="31" timestamp="20120808104418648" uniqueId="27EF57E827EF57E8"><action seq="1" type="SetActiveLocale"><inputparams><param seq="1" type="i18nstring"><value>fr</value></param></inputparams><domchanges/><result success="t"><outputparams/></result></action></transaction><transaction saved="true" seq="32" timestamp="20120808104439113" uniqueId="5F3DF64B5F3DF64B"><action seq="1" type="ResetPromptValues"><inputparams><param seq="1" type="integer"><value>1</value></param></inputparams><domchanges/><result success="t"><outputparams/></result></action></transaction><transaction saved="true" seq="33" timestamp="20120808104456375" uniqueId="FFFEB4C4FFFEB4C4"><action seq="1" type="SetActiveLocale"><inputparams><param seq="1" type="i18nstring"><value>en</value></param></inputparams><domchanges/><result success="t"><outputparams/></result></action></transaction><transaction saved="true" seq="34" timestamp="20120808104502504" uniqueId="11E6832211E68322"><action seq="1" type="MakeExpressionGlobal"><inputparams><param seq="1" type="handle"><mappingpath>queryItem/expression</mappingpath><value>/O/expression[0]/O/[gosales].[Retailer Site Region (alias)].[Retailer Site Region]</value></param><param seq="2" type="i18nstring"><value>Retailer Site Region</value></param></inputparams><domchanges/><result success="t"><outputparams/></result></action></transaction><transaction saved="true" seq="35" timestamp="20120808104611842" uniqueId="5EE462215EE46221"><action seq="1" type="Create"><inputparams><param seq="1" type="integer"><value>5</value></param><param seq="2" type="handle"><mappingpath>namespace</mappingpath><value>[gosales]</value></param><param seq="3" type="i18nstring"><value>Reusable Objects</value></param><param seq="4" type="integer"><value>1</value></param></inputparams><domchanges/><result success="t"><outputparams/></result></action><action seq="2" type="Move"><inputparams><param seq="1" type="handle"><mappingpath>folder</mappingpath><value>[gosales].[Reusable Objects]</value></param></inputparams><domchanges/><result success="t"><outputparams/></result></action></transaction><transaction saved="true" seq="36" timestamp="20120808104645483" uniqueId="9FC232DF9FC232DF"><action seq="1" type="Create"><inputparams><param seq="1" type="integer"><value>5</value></param><param seq="2" type="handle"><mappingpath>folder</mappingpath><value>[gosales].[Reusable Objects]</value></param><param seq="3" type="i18nstring"><value>Model Calculation</value></param><param seq="4" type="integer"><value>1</value></param></inputparams><domchanges/><result success="t"><outputparams/></result></action><action seq="2" type="Move"><inputparams><param seq="1" type="handle"><mappingpath>folder</mappingpath><value>[gosales].[Model Calculation]</value></param><param seq="2" type="handle"><mappingpath>calculation</mappingpath><value>[gosales].[Retailer Site Region]</value></param></inputparams><domchanges/><result success="t"><outputparams/></result></action></transaction><transaction saved="true" seq="37" timestamp="20120808104742525" uniqueId="895E052F895E052F"><action seq="1" type="Modify"><inputparams><param seq="1" type="handle"><mappingpath>calculation/name</mappingpath><value>/O/name[0]/O/[gosales].[Retailer Site Region]</value></param><param seq="2" type="i18nstring"><value>Region</value></param></inputparams><domchanges/><result success="t"><outputparams/></result></action></transaction><transaction saved="true" seq="38" timestamp="20120808104802786" uniqueId="B067E2D6B067E2D6"><action seq="1" type="ResetPromptValues"><inputparams><param seq="1" type="integer"><value>1</value></param></inputparams><domchanges/><result success="t"><outputparams/></result></action><action seq="2" type="ModifyComplex"><inputparams><param seq="1" type="handle"><mappingpath>queryItem/expression</mappingpath><value>/O/expression[0]/O/[gosales].[Branch Region (alias)].[Branch Region]</value></param><param seq="2" type="i18nstring"><value>&lt;refobj&gt;[gosales].[Region]&lt;/refobj&gt; </value></param></inputparams><domchanges/><result success="t"><outputparams/></result></action></transaction><transaction saved="true" seq="39" timestamp="20120808104947155" uniqueId="A31C3EA6A31C3EA6"><action seq="1" type="ModifyComplex"><inputparams><param seq="1" type="handle"><mappingpath>queryItem/expression</mappingpath><value>/O/expression[0]/O/[gosales].[Staff Region (alias)].[Staff Region]</value></param><param seq="2" type="i18nstring"><value>&lt;refobj&gt;[gosales].[Region]&lt;/refobj&gt; </value></param></inputparams><domchanges/><result success="t"><outputparams/></result></action></transaction><transaction saved="true" seq="40" timestamp="20120808105330147" uniqueId="1F9F9C091F9F9C09"><action seq="1" type="ModifyComplex"><inputparams><param seq="1" type="handle"><mappingpath>queryItem/expression</mappingpath><value>/O/expression[0]/O/[Consolidation View].[Sales Target by Location].[Sales Target Region]</value></param><param seq="2" type="i18nstring"><value>&lt;refobj&gt;[gosales].[Region]&lt;/refobj&gt; </value></param></inputparams><domchanges/><result success="t"><outputparams/></result></action></transaction><transaction event="Save" saved="true" seq="41" timestamp="20120808105730633" uniqueId="1533866C1533866C" user="Student"/><transaction event="StartSession" saved="true" seq="42" timestamp="20120808105734620" uniqueId="57A0759B57A0759B" user="Student"/><transaction saved="true" seq="43" timestamp="20120808105740873" uniqueId="3E7229E93E7229E9"><action seq="1" type="SetActiveLocale"><inputparams><param seq="1" type="i18nstring"><value>en</value></param></inputparams><domchanges/><result success="t"><outputparams/></result></action></transaction><transaction saved="true" seq="44" timestamp="20120808105830591" uniqueId="D2169784D2169784"><action seq="1" type="UpdateObject"><inputparams><param seq="1" type="handle"><mappingpath>querySubject</mappingpath><value>[gosales].[PRODUCT_NAME_LOOKUP]</value></param><param seq="2" type="cclnode"><value><![CDATA[<updateObjectRequest><tasks><task name="addProperty"><parameters><param name="propertyType" value="filter"/><param name="propertyValue"><expression/></param><param name="caption" value="New Filter"/><param name="filterApplyType" value="always"/></parameters></task></tasks></updateObjectRequest>]]></value></param></inputparams><domchanges/><result success="t"><outputparams/></result></action><action seq="2" type="Modify"><inputparams><param seq="1" type="handle"><mappingpath>querySubject/definition/dbQuery/filters/filterDefinition/displayName</mappingpath><value>/O/definition[0]/dbQuery[0]/filters[0]/filterDefinition[0]/displayName[0]/O/[gosales].[PRODUCT_NAME_LOOKUP]</value></param><param seq="2" type="i18nstring"><value>Language Filter</value></param></inputparams><domchanges/><result success="t"><outputparams/></result></action><action seq="3" type="ModifyComplex"><inputparams><param seq="1" type="handle"><mappingpath>querySubject/definition/dbQuery/filters/filterDefinition/expression</mappingpath><value>/O/definition[0]/dbQuery[0]/filters[0]/filterDefinition[0]/expression[0]/O/[gosales].[PRODUCT_NAME_LOOKUP]</value></param><param seq="2" type="i18nstring"><value>&lt;refobj&gt;[gosales].[PRODUCT_NAME_LOOKUP].[PRODUCT_LANGUAGE]&lt;/refobj&gt;  = #sq($Language_lookup{$runLocale})#</value></param></inputparams><domchanges/><result success="t"><outputparams/></result></action><action seq="4" type="Modify"><inputparams><param seq="1" type="handle"><mappingpath>querySubject/definition/dbQuery/filters/filterDefinition/@apply</mappingpath><value>/O/definition[0]/dbQuery[0]/filters[0]/filterDefinition[0]/@apply/O/[gosales].[PRODUCT_NAME_LOOKUP]</value></param><param seq="2" type="i18nstring"><value>always</value></param></inputparams><domchanges/><result success="t"><outputparams/></result></action></transaction><transaction saved="true" seq="45" timestamp="20120808110211822" uniqueId="2A31B8E02A31B8E0"><action seq="1" type="Modify"><inputparams><param seq="1" type="handle"><mappingpath>relationship/left/refobj</mappingpath><value>/O/left[0]/refobj[0]/O/[gosales].[PRODUCT_TYPE_PRODUCT &lt;--&gt; PRODUCT_NAME_LOOKUP]</value></param><param seq="2" type="i18nstring"><value>[gosales].[Product Type &amp; Product]</value></param></inputparams><domchanges/><result success="t"><outputparams/></result></action><action seq="2" type="Modify"><inputparams><param seq="1" type="handle"><mappingpath>relationship/left/mincard</mappingpath><value>/O/left[0]/mincard[0]/O/[gosales].[PRODUCT_TYPE_PRODUCT &lt;--&gt; PRODUCT_NAME_LOOKUP]</value></param><param seq="2" type="i18nstring"><value>one</value></param></inputparams><domchanges/><result success="t"><outputparams/></result></action><action seq="3" type="Modify"><inputparams><param seq="1" type="handle"><mappingpath>relationship/left/maxcard</mappingpath><value>/O/left[0]/maxcard[0]/O/[gosales].[PRODUCT_TYPE_PRODUCT &lt;--&gt; PRODUCT_NAME_LOOKUP]</value></param><param seq="2" type="i18nstring"><value>one</value></param></inputparams><domchanges/><result success="t"><outputparams/></result></action><action seq="4" type="Modify"><inputparams><param seq="1" type="handle"><mappingpath>relationship/right/refobj</mappingpath><value>/O/right[0]/refobj[0]/O/[gosales].[PRODUCT_TYPE_PRODUCT &lt;--&gt; PRODUCT_NAME_LOOKUP]</value></param><param seq="2" type="i18nstring"><value>[gosales].[PRODUCT_NAME_LOOKUP]</value></param></inputparams><domchanges/><result success="t"><outputparams/></result></action><action seq="5" type="Modify"><inputparams><param seq="1" type="handle"><mappingpath>relationship/right/mincard</mappingpath><value>/O/right[0]/mincard[0]/O/[gosales].[PRODUCT_TYPE_PRODUCT &lt;--&gt; PRODUCT_NAME_LOOKUP]</value></param><param seq="2" type="i18nstring"><value>one</value></param></inputparams><domchanges/><result success="t"><outputparams/></result></action><action seq="6" type="Modify"><inputparams><param seq="1" type="handle"><mappingpath>relationship/right/maxcard</mappingpath><value>/O/right[0]/maxcard[0]/O/[gosales].[PRODUCT_TYPE_PRODUCT &lt;--&gt; PRODUCT_NAME_LOOKUP]</value></param><param seq="2" type="i18nstring"><value>one</value></param></inputparams><domchanges/><result success="t"><outputparams/></result></action><action seq="7" type="ModifyComplex"><inputparams><param seq="1" type="handle"><mappingpath>relationship/expression</mappingpath><value>/O/expression[0]/O/[gosales].[PRODUCT_TYPE_PRODUCT &lt;--&gt; PRODUCT_NAME_LOOKUP]</value></param><param seq="2" type="i18nstring"><value>&lt;refobj&gt;[gosales].[Product Type &amp;amp; Product].[PRODUCT_NUMBER]&lt;/refobj&gt;=&lt;refobj&gt;[gosales].[PRODUCT_NAME_LOOKUP].[PRODUCT_NUMBER]&lt;/refobj&gt;</value></param><param seq="3" type="integer"><value>0</value></param></inputparams><domchanges/><result success="t"><outputparams/></result></action></transaction><transaction saved="true" seq="46" timestamp="20120808110332558" uniqueId="82D58B8182D58B81"><action seq="1" type="ResetPromptValues"><inputparams><param seq="1" type="integer"><value>1</value></param></inputparams><domchanges/><result success="t"><outputparams/></result></action></transaction><transaction event="Save" saved="true" seq="47" timestamp="20120808110445676" uniqueId="425AB7B4425AB7B4" user="Student"/><transaction event="StartSession" saved="true" seq="48" timestamp="20120808110451307" uniqueId="B9E7E845B9E7E845" user="Student"/><transaction saved="true" seq="49" timestamp="20120808110458064" uniqueId="4019B5E04019B5E0"><action seq="1" type="SetActiveLocale"><inputparams><param seq="1" type="i18nstring"><value>en</value></param></inputparams><domchanges/><result success="t"><outputparams/></result></action></transaction><transaction saved="true" seq="50" timestamp="20120808110529625" uniqueId="FED11415FED11415"><action seq="1" type="Create"><inputparams><param seq="1" type="integer"><value>12</value></param><param seq="2" type="handle"><mappingpath>folder</mappingpath><value>[gosales].[Model Calculation]</value></param><param seq="3" type="i18nstring"><value>Country</value></param></inputparams><domchanges/><result success="t"><outputparams/></result></action><action seq="2" type="ResetPromptValues"><inputparams><param seq="1" type="integer"><value>1</value></param></inputparams><domchanges/><result success="t"><outputparams/></result></action><action seq="3" type="ModifyComplex"><inputparams><param seq="1" type="handle"><mappingpath>calculation/expression</mappingpath><value>/O/expression[0]/O/[gosales].[Country]</value></param><param seq="2" type="i18nstring"><value>#&amp;apos;[gosales].[COUNTRY].[COUNTRY_&amp;apos; + $Language_lookup{$runLocale} + &amp;apos;]&amp;apos;#</value></param></inputparams><domchanges/><result success="t"><outputparams/></result></action></transaction><transaction saved="true" seq="51" timestamp="20120808111108901" uniqueId="DB5E649ADB5E649A"><action seq="1" type="ModifyComplex"><inputparams><param seq="1" type="handle"><mappingpath>queryItem/expression</mappingpath><value>/O/expression[0]/O/[gosales].[Branch Country (alias)].[Branch Country]</value></param><param seq="2" type="i18nstring"><value>&lt;refobj&gt;[gosales].[Country]&lt;/refobj&gt; </value></param></inputparams><domchanges/><result success="t"><outputparams/></result></action></transaction><transaction saved="true" seq="52" timestamp="20120808111129121" uniqueId="3096E8E43096E8E4"/><transaction saved="true" seq="53" timestamp="20120808111145916" uniqueId="707A7B85707A7B85"><action seq="1" type="ModifyComplex"><inputparams><param seq="1" type="handle"><mappingpath>queryItem/expression</mappingpath><value>/O/expression[0]/O/[gosales].[Retailer Site Country (alias)].[Retailer Site Country]</value></param><param seq="2" type="i18nstring"><value>&lt;refobj&gt;[gosales].[Country]&lt;/refobj&gt; </value></param></inputparams><domchanges/><result success="t"><outputparams/></result></action></transaction><transaction saved="true" seq="54" timestamp="20120808111400172" uniqueId="9051E29C9051E29C"><action seq="1" type="ModifyComplex"><inputparams><param seq="1" type="handle"><mappingpath>queryItem/expression</mappingpath><value>/O/expression[0]/O/[gosales].[Staff Country (alias)].[Staff Country]</value></param><param seq="2" type="i18nstring"><value>&lt;refobj&gt;[gosales].[Country]&lt;/refobj&gt; </value></param></inputparams><domchanges/><result success="t"><outputparams/></result></action></transaction><transaction saved="true" seq="55" timestamp="20120808111427744" uniqueId="D4462DE8D4462DE8"><action seq="1" type="ModifyComplex"><inputparams><param seq="1" type="handle"><mappingpath>queryItem/expression</mappingpath><value>/O/expression[0]/O/[Consolidation View].[Sales Target by Location].[Sales Target Country]</value></param><param seq="2" type="i18nstring"><value>&lt;refobj&gt;[gosales].[Country]&lt;/refobj&gt; </value></param></inputparams><domchanges/><result success="t"><outputparams/></result></action></transaction><transaction saved="true" seq="56" timestamp="20120808111523575" uniqueId="E56128E3E56128E3"/><transaction event="Save" saved="true" seq="57" timestamp="20120808111635776" uniqueId="5BEC1FF15BEC1FF1" user="Student"/><transaction event="StartSession" saved="true" seq="58" timestamp="20141223155158379" uniqueId="0C8B7CC80C8B7CC8" user="Student"/><transaction saved="true" seq="59" timestamp="20141223155207082" uniqueId="8CEA00958CEA0095"><action seq="1" type="SetActiveLocale"><inputparams><param seq="1" type="i18nstring"><value>en</value></param></inputparams><domchanges/><result success="t"><outputparams/></result></action></transaction><transaction saved="true" seq="60" timestamp="20141223155243207" uniqueId="4C91B9A34C91B9A3"/><transaction saved="true" seq="61" timestamp="20141223155326004" uniqueId="9C18E0079C18E007"><action seq="1" type="Delete"><inputparams><param seq="1" type="handle"><mappingpath>queryItem</mappingpath><value>[gosales].[Product Type &amp; Product].[PRODUCTION_COST]</value></param><param seq="2" type="handle"><mappingpath>queryItem</mappingpath><value>[gosales].[Product Type &amp; Product].[GROSS_MARGIN]</value></param></inputparams><domchanges/><result success="t"><outputparams/></result></action></transaction><transaction saved="true" seq="62" timestamp="20141223155344816" uniqueId="5FC8219A5FC8219A"><action seq="1" type="Delete"><inputparams><param seq="1" type="handle"><mappingpath>queryItem</mappingpath><value>[Consolidation View].[Products].[Production Cost]</value></param><param seq="2" type="handle"><mappingpath>queryItem</mappingpath><value>[Consolidation View].[Products].[Gross Margin]</value></param></inputparams><domchanges/><result success="t"><outputparams/></result></action></transaction><transaction saved="true" seq="63" timestamp="20141223155351691" uniqueId="8AFEFD958AFEFD95"><action seq="1" type="UpdateQuerySubjects"><inputparams><param seq="1" type="bmtparams"><value><param seq="0" type="handle"><mappingpath>querySubject</mappingpath><value>[gosales].[PRODUCT]</value></param></value></param></inputparams><domchanges/><result success="t"><outputparams/></result></action></transaction><transaction event="Save" saved="true" seq="64" timestamp="20141223155400254" uniqueId="4944FCFF4944FCFF" user="Student"/></bmtactionlog>
