<?xml version="1.0" encoding="UTF-8" ?>
<bmtactionlog project="C:\Edcognos\B5A52\CBIFM-Start Files\Module 20\great_outdoors_warehouse\log.xml" timestamp="20141204140002513" user="Student" version="10.2.6100.82"><transaction event="StartLog" saved="true" seq="1" timestamp="20141204134851982" uniqueId="DEFA96FADEFA96FA" user="Student"/><transaction event="StartSession" saved="true" seq="2" timestamp="20141204134851982" uniqueId="DEFA96FADEFA96FA" user="Student"/><transaction saved="true" seq="3" timestamp="20141204134853622" uniqueId="E54394D4E54394D4"><action seq="1" type="SetActiveLocale"><inputparams><param seq="1" type="i18nstring"><value>en</value></param></inputparams><domchanges/><result success="t"><outputparams/></result></action></transaction><transaction saved="true" seq="4" timestamp="20141204134909232" uniqueId="CF5E8A8DCF5E8A8D"><action seq="1" type="UpdateObject"><inputparams><param seq="1" type="handle"><mappingpath>querySubject</mappingpath><value>[Sales and marketing data].[SLS_SALES_FACT]</value></param><param seq="2" type="cclnode"><value><![CDATA[<updateObjectRequest><tasks><task name="addObject"><parameters><param locale="en" name="objectName" value="Planned Revenue"/><param name="objectType" value="queryItem"/><param name="makeNameUnique" value="false"/><param name="basedOn"><expression><refobj>[Sales and marketing data].[SLS_SALES_FACT].[QUANTITY]</refobj>  *  <refobj>[Sales and marketing data].[SLS_SALES_FACT].[UNIT_PRICE]</refobj>  </expression></param></parameters></task></tasks></updateObjectRequest>]]></value></param></inputparams><domchanges/><result success="t"><outputparams/></result></action></transaction><transaction saved="true" seq="5" timestamp="20141204135152200" uniqueId="A503FAD4A503FAD4"><action seq="1" type="ResetPromptValues"><inputparams><param seq="1" type="integer"><value>1</value></param></inputparams><domchanges/><result success="t"><outputparams/></result></action></transaction><transaction saved="true" seq="6" timestamp="20141204135511138" uniqueId="3ECAAFB83ECAAFB8"><action seq="1" type="Delete"><inputparams><param seq="1" type="handle"><mappingpath>queryItem</mappingpath><value>[Sales and marketing data].[SLS_SALES_FACT].[Planned Revenue]</value></param></inputparams><domchanges/><result success="t"><outputparams/></result></action></transaction><transaction saved="true" seq="7" timestamp="20141204135706997" uniqueId="79D5A61779D5A617"><action seq="1" type="ResetPromptValues"><inputparams><param seq="1" type="integer"><value>1</value></param></inputparams><domchanges/><result success="t"><outputparams/></result></action></transaction><transaction event="Save" saved="true" seq="8" timestamp="20141204140002513" uniqueId="993E1D71993E1D71" user="Student"/><transaction event="StartSession" saved="true" seq="9" timestamp="20141204141330302" uniqueId="7B558D357B558D35" user="Student"/><transaction saved="true" seq="10" timestamp="20141204141332411" uniqueId="A91D1A6CA91D1A6C"><action seq="1" type="SetActiveLocale"><inputparams><param seq="1" type="i18nstring"><value>en</value></param></inputparams><domchanges/><result success="t"><outputparams/></result></action></transaction><transaction saved="true" seq="11" timestamp="20141204141728864" uniqueId="3CE6138E3CE6138E"><action seq="1" type="UpdateObject"><inputparams><param seq="1" type="handle"><mappingpath>querySubject</mappingpath><value>[Business view].[Sales fact]</value></param><param seq="2" type="cclnode"><value><![CDATA[<updateObjectRequest><tasks><task name="addProperty"><parameters><param name="propertyType" value="filter"/><param name="propertyValue"><expression/></param><param name="caption" value="New Filter"/><param name="filterApplyType" value="always"/><param name="filterApplicationType" value="beforeAutoAggregation"/></parameters></task></tasks></updateObjectRequest>]]></value></param></inputparams><domchanges/><result success="t"><outputparams/></result></action><action seq="2" type="Modify"><inputparams><param seq="1" type="handle"><mappingpath>querySubject/definition/modelQuery/filters/filterDefinition/displayName</mappingpath><value>/O/definition[0]/modelQuery[0]/filters[0]/filterDefinition[0]/displayName[0]/O/[Business view].[Sales fact]</value></param><param seq="2" type="i18nstring"><value>Limited Products Design Mode Filter</value></param></inputparams><domchanges/><result success="t"><outputparams/></result></action><action seq="3" type="ModifyComplex"><inputparams><param seq="1" type="handle"><mappingpath>querySubject/definition/modelQuery/filters/filterDefinition/expression</mappingpath><value>/O/definition[0]/modelQuery[0]/filters[0]/filterDefinition[0]/expression[0]/O/[Business view].[Sales fact]</value></param><param seq="2" type="i18nstring"><value>&lt;refobj&gt;[Sales and marketing data].[SLS_SALES_FACT].[PRODUCT_KEY]&lt;/refobj&gt;  in (30001, 30002, 30003, 30004, 30005)</value></param></inputparams><domchanges/><result success="t"><outputparams/></result></action><action seq="4" type="Modify"><inputparams><param seq="1" type="handle"><mappingpath>querySubject/definition/modelQuery/filters/filterDefinition/@apply</mappingpath><value>/O/definition[0]/modelQuery[0]/filters[0]/filterDefinition[0]/@apply/O/[Business view].[Sales fact]</value></param><param seq="2" type="i18nstring"><value>always</value></param></inputparams><domchanges/><result success="t"><outputparams/></result></action><action seq="5" type="Modify"><inputparams><param seq="1" type="handle"><mappingpath>querySubject/definition/modelQuery/filters/filterDefinition/@application</mappingpath><value>/O/definition[0]/modelQuery[0]/filters[0]/filterDefinition[0]/@application/O/[Business view].[Sales fact]</value></param><param seq="2" type="i18nstring"><value>beforeAutoAggregation</value></param></inputparams><domchanges/><result success="t"><outputparams/></result></action><action seq="6" type="UpdateObject"><inputparams><param seq="1" type="handle"><mappingpath>querySubject</mappingpath><value>[Business view].[Sales fact]</value></param><param seq="2" type="cclnode"><value><![CDATA[<updateObjectRequest><tasks><task name="removeProperty"><parameters><param name="propertyType" value="filter"/><param name="propertyIndex" value="0"/></parameters></task></tasks></updateObjectRequest>]]></value></param></inputparams><domchanges/><result success="t"><outputparams/></result></action><action seq="7" type="UpdateObject"><inputparams><param seq="1" type="handle"><mappingpath>querySubject</mappingpath><value>[Business view].[Sales fact]</value></param><param seq="2" type="cclnode"><value><![CDATA[<updateObjectRequest><tasks><task name="addProperty"><parameters><param name="propertyType" value="previewFilter"/><param name="propertyValue"><expression><refobj>[Sales and marketing data].[SLS_SALES_FACT].[PRODUCT_KEY]</refobj>  in (30001, 30002, 30003, 30004, 30005)</expression></param><param name="caption" value="Limited Products Design Mode Filter"/><param name="filterApplicationType" value="beforeAutoAggregation"/></parameters></task></tasks></updateObjectRequest>]]></value></param></inputparams><domchanges/><result success="t"><outputparams/></result></action><action seq="8" type="AddProperty"><inputparams><param seq="1" type="handle"><mappingpath>querySubject/definition/modelQuery</mappingpath><value>/O/definition[0]/modelQuery[0]/O/[Business view].[Sales fact]</value></param><param seq="2" type="i18nstring"><value>generateSQL</value></param></inputparams><domchanges/><result success="t"><outputparams/></result></action><action seq="9" type="Modify"><inputparams><param seq="1" type="handle"><mappingpath>querySubject/definition/modelQuery/generateSQL</mappingpath><value>/O/definition[0]/modelQuery[0]/generateSQL[0]/O/[Business view].[Sales fact]</value></param><param seq="2" type="i18nstring"><value>minimized</value></param></inputparams><domchanges/><result success="t"><outputparams/></result></action><action seq="10" type="ResetPromptValues"><inputparams><param seq="1" type="integer"><value>1</value></param></inputparams><domchanges/><result success="t"><outputparams/></result></action><action seq="11" type="ResetPromptValues"><inputparams><param seq="1" type="integer"><value>1</value></param></inputparams><domchanges/><result success="t"><outputparams/></result></action></transaction><transaction saved="true" seq="12" timestamp="20141204142222818" uniqueId="B6C7E1B2B6C7E1B2"><action seq="1" type="SetSecurityViewAccess"><inputparams><param seq="1" type="handle"><mappingpath>securityView</mappingpath><value>[].[securityViews].[GO Data Warehouse (query)]</value></param><param seq="2" type="integer"><value>1</value></param><param seq="3" type="cclnode"><value><![CDATA[<securityObjects/>]]></value></param></inputparams><domchanges/><result success="t"><outputparams/></result></action></transaction><transaction saved="true" seq="13" timestamp="20141204142222833" uniqueId="820F6469820F6469"><action seq="1" type="SetSecurityViewAccess"><inputparams><param seq="1" type="handle"><mappingpath>package</mappingpath><value>[].[packages].[GO Data Warehouse (query)]</value></param><param seq="2" type="integer"><value>1</value></param><param seq="3" type="cclnode"><value><![CDATA[<securityObjects/>]]></value></param></inputparams><domchanges/><result success="t"><outputparams/></result></action></transaction><transaction saved="true" seq="14" timestamp="20141204142247708" uniqueId="00A83DDB00A83DDB"><action seq="1" type="SetPromptValue"><inputparams><param seq="1" type="i18nstring"><value>MONTH</value></param><param seq="2" type="cclnode"><value><![CDATA[<item xmlns:SOAP-ENC="http://schemas.xmlsoap.org/soap/encoding/" xmlns:bus="http://developer.cognos.com/schemas/bibus/3/" xmlns:xsi="http://www.w3.org/2001/XMLSchema-instance"><name>MONTH</name><type>xsdString</type><promptType></promptType><value><item xsi:type="bus:simpleParmValueItem"><inclusive>true</inclusive><use>May</use></item></value></item>]]></value></param></inputparams><domchanges/><result success="t"><outputparams/></result></action></transaction><transaction saved="true" seq="15" timestamp="20141204142247708" uniqueId="9ECCA8789ECCA878"><action seq="1" type="ResetPromptValues"><inputparams><param seq="1" type="integer"><value>0</value></param></inputparams><domchanges/><result success="t"><outputparams/></result></action></transaction><transaction saved="true" seq="16" timestamp="20141204142301364" uniqueId="472DBF63472DBF63"><action seq="1" type="SetPromptValue"><inputparams><param seq="1" type="i18nstring"><value>YEAR</value></param><param seq="2" type="cclnode"><value><![CDATA[<item xmlns:SOAP-ENC="http://schemas.xmlsoap.org/soap/encoding/" xmlns:bus="http://developer.cognos.com/schemas/bibus/3/" xmlns:xsi="http://www.w3.org/2001/XMLSchema-instance"><name>YEAR</name><type>xsdString</type><promptType></promptType><value><item xsi:type="bus:simpleParmValueItem"><inclusive>true</inclusive><use>2010</use></item></value></item>]]></value></param></inputparams><domchanges/><result success="t"><outputparams/></result></action></transaction><transaction saved="true" seq="17" timestamp="20141204142301380" uniqueId="EE76C7EFEE76C7EF"><action seq="1" type="ResetPromptValues"><inputparams><param seq="1" type="integer"><value>0</value></param></inputparams><domchanges/><result success="t"><outputparams/></result></action></transaction><transaction saved="true" seq="18" timestamp="20141204142310896" uniqueId="81607AFC81607AFC"/><transaction saved="true" seq="19" timestamp="20141204142318896" uniqueId="2230290A2230290A"><action seq="1" type="Undo"><inputparams/><domchanges/><result success="t"><outputparams/></result></action></transaction><transaction event="Save" saved="true" seq="20" timestamp="20141204142427005" uniqueId="BA674CADBA674CAD" user="Student"/><transaction event="StartSession" saved="true" seq="21" timestamp="20150113162731040" uniqueId="EEA9C08FEEA9C08F" user="Student"/><transaction saved="true" seq="22" timestamp="20150113162734055" uniqueId="7714C4247714C424"><action seq="1" type="SetActiveLocale"><inputparams><param seq="1" type="i18nstring"><value>en</value></param></inputparams><domchanges/><result success="t"><outputparams/></result></action></transaction><transaction saved="true" seq="23" timestamp="20150113162746321" uniqueId="70F45A7370F45A73"><action seq="1" type="EvaluateObject"><inputparams><param seq="1" type="handle"><mappingpath>querySubject</mappingpath><value>[Business view].[Sales fact]</value></param></inputparams><domchanges/><result success="t"><outputparams/></result></action></transaction><transaction saved="true" seq="24" timestamp="20150113163043665" uniqueId="0A0B56F70A0B56F7"><action seq="1" type="UpdateObject"><inputparams><param seq="1" type="handle"><mappingpath>querySubject</mappingpath><value>[Business view].[Sales fact]</value></param><param seq="2" type="cclnode"><value><![CDATA[<updateObjectRequest><tasks><task name="removeProperty"><parameters><param name="propertyType" value="previewFilter"/><param name="propertyIndex" value="0"/></parameters></task></tasks></updateObjectRequest>]]></value></param></inputparams><domchanges/><result success="t"><outputparams/></result></action></transaction><transaction event="Save" saved="true" seq="25" timestamp="20150113164459883" uniqueId="2FA7F94C2FA7F94C" user="Student"/></bmtactionlog>
