<?xml version="1.0" encoding="UTF-8" ?>
<bmtcustomdata><namespace name="visuals"><object name="[]"><property name="BMTFW_Layout_Version">long:3</property><property name="BMTFW_Layout"><![CDATA[string:[gosales].[ORDER_DETAILS]
	dx=164,190
	expanded=t
	parent=gosales
	x=233,114
[gosales].[ORDER_HEADER]
	dx=183,208
	expanded=t
	parent=gosales
	x=10,693
[gosales].[ORDER_METHOD]
	dx=165,208
	expanded=t
	parent=gosales
	x=233,404
[gosales].[PRODUCT]
	dx=176,190
	expanded=t
	parent=gosales
	x=437,114
[gosales].[PRODUCT_LINE]
	dx=156,208
	expanded=t
	parent=gosales
	x=853,169
[gosales].[PRODUCT_NAME_LOOKUP]
	dx=224,100
	expanded=t
	parent=gosales
	x=653,42
[gosales].[PRODUCT_TYPE]
	dx=160,208
	expanded=t
	parent=gosales
	x=653,169
[gosales].[BRANCH]
	dx=195,208
	expanded=t
	parent=gosales
	x=233,874
[gosales].[COUNTRY]
	dx=181,208
	expanded=t
	parent=gosales
	x=468,1109
[gosales].[SALES_REGION]
	dx=156,208
	expanded=t
	parent=gosales
	x=689,1109
[gosales].[EMPLOYEE]
	dx=145,208
	expanded=t
	parent=gosales
	x=707,639
[gosales].[EMPLOYEE_HISTORY]
	dx=199,208
	expanded=t
	parent=gosales
	x=468,792
[gosales].[POSITION_LOOKUP]
	dx=178,208
	expanded=t
	parent=gosales
	x=707,874
[gosales].[RETAILER]
	dx=163,118
	expanded=t
	parent=gosales
	x=470,1389
[gosales].[RETAILER_SITE]
	dx=197,208
	expanded=t
	parent=gosales
	x=233,1344
[gosales].[RETAILER_TYPE]
	dx=161,208
	expanded=t
	parent=gosales
	x=673,1344
[gosales]
	c=d8a77d
	dx=1019,1562
	expanded=t
	parent=Foundation Objects View
	view=0,0
	x=10,57
	zoom=0.500000
[Foundation Objects View]
	c=9bdfc4
	dx=1039,1629
	expanded=t
	parent=GO Operational Model
	x=10,57
[GO Operational Model]
	view=0,0
	zoom=1.000000
[]
	Notation=4
	ShowGrid=1
	Snap=1
	font=Arial Narrow
	lod=33
	tc=0
	viewStyle=2
]]></property></object></namespace></bmtcustomdata>
