<?xml version="1.0" encoding="UTF-8"?>
<!--
 Licensed Materials - Property of IBM

 IBM Cognos Products: fmmd

 (C) Copyright IBM Corp. 2003, 2010

 US Government Users Restricted Rights - Use, duplication or disclosure 
 restricted by GSA ADP Schedule Contract with IBM Corp.
-->
<idlog></<t seq="EEFEDA88EEFEDA88"><map><id i="0" s="[]"/></map><a seq="0"><id i="0"/></a></t><t seq="78C4039278C40392"><map><id i="0" s="[Model]"/></map><a seq="0"><id i="0"/></a></t><t seq="852CF571852CF571"><map></map></t><t seq="852CF571852CF571"><map></map></t><t seq="364512DA364512DA"><map><id i="0" s="[GO Operational Model]"/><id i="1" s="[Model]"/></map><a seq="0"><id i="0"/><id i="1"/></a></t><t seq="D0C3C77DD0C3C77D"><map><id i="0" s="[New Namespace]"/><id i="1" s="[namespace]"/></map><a seq="0"><id i="0"/><id i="1"/></a></t><t seq="6764028767640287"><map><id i="0" s="[Foundation Objects View]"/><id i="1" s="[New Namespace]"/></map><a seq="0"><id i="0"/><id i="1"/></a></t><t seq="9E544ACD9E544ACD"><map><id i="0" s="[New Namespace]"/><id i="1" s="[namespace]"/></map><a seq="0"><id i="0"/><id i="1"/></a></t><t seq="74796AA674796AA6"><map><id i="0" s="[gosales]"/><id i="1" s="[New Namespace]"/></map><a seq="0"><id i="0"/><id i="1"/></a></t><t seq="2A2F81D82A2F81D8"><map></map></t><t seq="2A2F81D82A2F81D8"><map></map></t><t seq="CDAFCDD6CDAFCDD6"><map><id i="0" s="[gosales].[PRODUCT_LINE].[PRODUCT_LINE_TH]"/><id i="1" s="[gosales].[PRODUCT_LINE].[PRODUCT_LINE_TR]"/><id i="2" s="[gosales].[PRODUCT_NAME_LOOKUP].[PRODUCT_NUMBER]"/><id i="3" s="[gosales].[PRODUCT_NAME_LOOKUP].[PRODUCT_LANGUAGE]"/><id i="4" s="[gosales].[PRODUCT_NAME_LOOKUP].[PRODUCT_NAME]"/><id i="5" s="[gosales].[PRODUCT_NAME_LOOKUP].[PRODUCT_DESCRIPTION]"/><id i="6" s="[gosales].[PRODUCT_TYPE].[PRODUCT_TYPE_CODE]"/><id i="7" s="[gosales].[PRODUCT_TYPE].[PRODUCT_LINE_CODE]"/><id i="8" s="[gosales].[PRODUCT_TYPE].[PRODUCT_TYPE_EN]"/><id i="9" s="[gosales].[PRODUCT_TYPE].[PRODUCT_TYPE_AR]"/><id i="10" s="[gosales].[PRODUCT_TYPE].[PRODUCT_TYPE_CS]"/><id i="11" s="[gosales].[PRODUCT_TYPE].[PRODUCT_TYPE_DA]"/><id i="12" s="[gosales].[PRODUCT_TYPE].[PRODUCT_TYPE_DE]"/><id i="13" s="[gosales].[PRODUCT_TYPE].[PRODUCT_TYPE_EL]"/><id i="14" s="[gosales].[PRODUCT_TYPE].[PRODUCT_TYPE_ES]"/><id i="15" s="[gosales].[PRODUCT_TYPE].[PRODUCT_TYPE_FI]"/><id i="16" s="[gosales].[PRODUCT_TYPE].[PRODUCT_TYPE_FR]"/><id i="17" s="[gosales].[PRODUCT_TYPE].[PRODUCT_TYPE_HR]"/><id i="18" s="[gosales].[PRODUCT_TYPE].[PRODUCT_TYPE_HU]"/><id i="19" s="[gosales].[PRODUCT_TYPE].[PRODUCT_TYPE_ID]"/><id i="20" s="[gosales].[PRODUCT_TYPE].[PRODUCT_TYPE_IT]"/><id i="21" s="[gosales].[PRODUCT_TYPE].[PRODUCT_TYPE_JA]"/><id i="22" s="[gosales].[PRODUCT_TYPE].[PRODUCT_TYPE_KK]"/><id i="23" s="[gosales].[PRODUCT_TYPE].[PRODUCT_TYPE_KO]"/><id i="24" s="[gosales].[PRODUCT_TYPE].[PRODUCT_TYPE_MS]"/><id i="25" s="[gosales].[PRODUCT_TYPE].[PRODUCT_TYPE_NL]"/><id i="26" s="[gosales].[PRODUCT_TYPE].[PRODUCT_TYPE_NO]"/><id i="27" s="[gosales].[PRODUCT_TYPE].[PRODUCT_TYPE_PL]"/><id i="28" s="[gosales].[PRODUCT_TYPE].[PRODUCT_TYPE_PT]"/><id i="29" s="[gosales].[PRODUCT_TYPE].[PRODUCT_TYPE_RO]"/><id i="30" s="[gosales].[PRODUCT_TYPE].[PRODUCT_TYPE_RU]"/><id i="31" s="[gosales].[PRODUCT_TYPE].[PRODUCT_TYPE_SC]"/><id i="32" s="[gosales].[PRODUCT_TYPE].[PRODUCT_TYPE_SL]"/><id i="33" s="[gosales].[PRODUCT_TYPE].[PRODUCT_TYPE_SV]"/><id i="34" s="[gosales].[PRODUCT_TYPE].[PRODUCT_TYPE_TC]"/><id i="35" s="[gosales].[PRODUCT_TYPE].[PRODUCT_TYPE_TH]"/><id i="36" s="[gosales].[PRODUCT_TYPE].[PRODUCT_TYPE_TR]"/><id i="37" s="[gosales].[PRODUCT_LINE].[PRODUCT_LINE_FR]"/><id i="38" s="[gosales].[PRODUCT_LINE].[PRODUCT_LINE_HR]"/><id i="39" s="[gosales].[PRODUCT_LINE].[PRODUCT_LINE_HU]"/><id i="40" s="[gosales].[PRODUCT_LINE].[PRODUCT_LINE_ID]"/><id i="41" s="[gosales].[PRODUCT_LINE].[PRODUCT_LINE_IT]"/><id i="42" s="[gosales].[PRODUCT_LINE].[PRODUCT_LINE_JA]"/><id i="43" s="[gosales].[PRODUCT_LINE].[PRODUCT_LINE_KK]"/><id i="44" s="[gosales].[PRODUCT_LINE].[PRODUCT_LINE_KO]"/><id i="45" s="[gosales].[PRODUCT_LINE].[PRODUCT_LINE_MS]"/><id i="46" s="[gosales].[PRODUCT_LINE].[PRODUCT_LINE_NL]"/><id i="47" s="[gosales].[PRODUCT_LINE].[PRODUCT_LINE_NO]"/><id i="48" s="[gosales].[PRODUCT_LINE].[PRODUCT_LINE_PL]"/><id i="49" s="[gosales].[PRODUCT_LINE].[PRODUCT_LINE_PT]"/><id i="50" s="[gosales].[PRODUCT_LINE].[PRODUCT_LINE_RO]"/><id i="51" s="[gosales].[PRODUCT_LINE].[PRODUCT_LINE_RU]"/><id i="52" s="[gosales].[PRODUCT_LINE].[PRODUCT_LINE_SC]"/><id i="53" s="[gosales].[PRODUCT_LINE].[PRODUCT_LINE_SL]"/><id i="54" s="[gosales].[PRODUCT_LINE].[PRODUCT_LINE_SV]"/><id i="55" s="[gosales].[PRODUCT_LINE].[PRODUCT_LINE_TC]"/><id i="56" s="[gosales].[PRODUCT].[PRODUCT_COLOR_CODE]"/><id i="57" s="[gosales].[PRODUCT].[PRODUCT_SIZE_CODE]"/><id i="58" s="[gosales].[PRODUCT].[PRODUCT_BRAND_CODE]"/><id i="59" s="[gosales].[PRODUCT].[PRODUCT_IMAGE]"/><id i="60" s="[gosales].[PRODUCT_LINE].[PRODUCT_LINE_CODE]"/><id i="61" s="[gosales].[PRODUCT_LINE].[PRODUCT_LINE_EN]"/><id i="62" s="[gosales].[PRODUCT_LINE].[PRODUCT_LINE_AR]"/><id i="63" s="[gosales].[PRODUCT_LINE].[PRODUCT_LINE_CS]"/><id i="64" s="[gosales].[PRODUCT_LINE].[PRODUCT_LINE_DA]"/><id i="65" s="[gosales].[PRODUCT_LINE].[PRODUCT_LINE_DE]"/><id i="66" s="[gosales].[PRODUCT_LINE].[PRODUCT_LINE_EL]"/><id i="67" s="[gosales].[PRODUCT_LINE].[PRODUCT_LINE_ES]"/><id i="68" s="[gosales].[PRODUCT_LINE].[PRODUCT_LINE_FI]"/><id i="69" s="[gosales].[ORDER_DETAILS].[UNIT_PRICE]"/><id i="70" s="[gosales].[ORDER_DETAILS].[UNIT_SALE_PRICE]"/><id i="71" s="[gosales].[ORDER_HEADER].[ORDER_NUMBER]"/><id i="72" s="[gosales].[ORDER_HEADER].[RETAILER_NAME]"/><id i="73" s="[gosales].[ORDER_HEADER].[RETAILER_NAME_MB]"/><id i="74" s="[gosales].[ORDER_HEADER].[RETAILER_SITE_CODE]"/><id i="75" s="[gosales].[ORDER_HEADER].[RETAILER_CONTACT_CODE]"/><id i="76" s="[gosales].[ORDER_HEADER].[SALES_STAFF_CODE]"/><id i="77" s="[gosales].[ORDER_HEADER].[SALES_BRANCH_CODE]"/><id i="78" s="[gosales].[ORDER_HEADER].[ORDER_DATE]"/><id i="79" s="[gosales].[ORDER_HEADER].[ORDER_CLOSE_DATE]"/><id i="80" s="[gosales].[ORDER_HEADER].[ORDER_METHOD_CODE]"/><id i="81" s="[gosales].[ORDER_METHOD].[ORDER_METHOD_CODE]"/><id i="82" s="[gosales].[ORDER_METHOD].[ORDER_METHOD_EN]"/><id i="83" s="[gosales].[ORDER_METHOD].[ORDER_METHOD_AR]"/><id i="84" s="[gosales].[ORDER_METHOD].[ORDER_METHOD_CS]"/><id i="85" s="[gosales].[ORDER_METHOD].[ORDER_METHOD_DA]"/><id i="86" s="[gosales].[ORDER_METHOD].[ORDER_METHOD_DE]"/><id i="87" s="[gosales].[ORDER_METHOD].[ORDER_METHOD_EL]"/><id i="88" s="[gosales].[ORDER_METHOD].[ORDER_METHOD_ES]"/><id i="89" s="[gosales].[ORDER_METHOD].[ORDER_METHOD_FI]"/><id i="90" s="[gosales].[ORDER_METHOD].[ORDER_METHOD_FR]"/><id i="91" s="[gosales].[ORDER_METHOD].[ORDER_METHOD_HR]"/><id i="92" s="[gosales].[ORDER_METHOD].[ORDER_METHOD_HU]"/><id i="93" s="[gosales].[ORDER_METHOD].[ORDER_METHOD_ID]"/><id i="94" s="[gosales].[ORDER_METHOD].[ORDER_METHOD_IT]"/><id i="95" s="[gosales].[ORDER_METHOD].[ORDER_METHOD_JA]"/><id i="96" s="[gosales].[ORDER_METHOD].[ORDER_METHOD_KK]"/><id i="97" s="[gosales].[ORDER_METHOD].[ORDER_METHOD_KO]"/><id i="98" s="[gosales].[ORDER_METHOD].[ORDER_METHOD_MS]"/><id i="99" s="[gosales].[ORDER_METHOD].[ORDER_METHOD_NL]"/><id i="100" s="[gosales].[ORDER_METHOD].[ORDER_METHOD_NO]"/><id i="101" s="[gosales].[ORDER_METHOD].[ORDER_METHOD_PL]"/><id i="102" s="[gosales].[ORDER_METHOD].[ORDER_METHOD_PT]"/><id i="103" s="[gosales].[ORDER_METHOD].[ORDER_METHOD_RO]"/><id i="104" s="[gosales].[ORDER_METHOD].[ORDER_METHOD_RU]"/><id i="105" s="[gosales].[ORDER_METHOD].[ORDER_METHOD_SC]"/><id i="106" s="[gosales].[ORDER_METHOD].[ORDER_METHOD_SL]"/><id i="107" s="[gosales].[ORDER_METHOD].[ORDER_METHOD_SV]"/><id i="108" s="[gosales].[ORDER_METHOD].[ORDER_METHOD_TC]"/><id i="109" s="[gosales].[ORDER_METHOD].[ORDER_METHOD_TH]"/><id i="110" s="[gosales].[ORDER_METHOD].[ORDER_METHOD_TR]"/><id i="111" s="[gosales].[PRODUCT].[PRODUCT_NUMBER]"/><id i="112" s="[gosales].[PRODUCT].[BASE_PRODUCT_NUMBER]"/><id i="113" s="[gosales].[PRODUCT].[INTRODUCTION_DATE]"/><id i="114" s="[gosales].[PRODUCT].[DISCONTINUED_DATE]"/><id i="115" s="[gosales].[PRODUCT].[PRODUCT_TYPE_CODE]"/><id i="116" s="[GO Operational Model]"/><id i="117" s="[].[dataSources].[GOSALES]"/><id i="118" s="[gosales].[ORDER_DETAILS].[ORDER_DETAIL_CODE]"/><id i="119" s="[gosales].[ORDER_DETAILS].[ORDER_NUMBER]"/><id i="120" s="[gosales].[ORDER_DETAILS].[SHIP_DATE]"/><id i="121" s="[gosales].[ORDER_DETAILS].[PRODUCT_NUMBER]"/><id i="122" s="[gosales].[ORDER_DETAILS].[PROMOTION_CODE]"/><id i="123" s="[gosales].[ORDER_DETAILS].[QUANTITY]"/><id i="124" s="[gosales].[ORDER_DETAILS].[UNIT_COST]"/><id i="125" s="[].[dataSources].[dataSource]"/><id i="126" s="[gosales].[ORDER_DETAILS]"/><id i="127" s="[gosales].[ORDER_HEADER]"/><id i="128" s="[gosales].[ORDER_METHOD]"/><id i="129" s="[gosales].[PRODUCT]"/><id i="130" s="[gosales].[PRODUCT_LINE]"/><id i="131" s="[gosales].[PRODUCT_NAME_LOOKUP]"/><id i="132" s="[gosales].[PRODUCT_TYPE]"/><id i="133" s="[gosales].[ORDER_HEADER &lt;--&gt; ORDER_DETAILS]"/><id i="134" s="[gosales].[ORDER_METHOD &lt;--&gt; ORDER_HEADER]"/><id i="135" s="[gosales].[PRODUCT &lt;--&gt; ORDER_DETAILS]"/><id i="136" s="[gosales].[PRODUCT &lt;--&gt; PRODUCT_NAME_LOOKUP]"/><id i="137" s="[gosales].[PRODUCT_LINE &lt;--&gt; PRODUCT_TYPE]"/><id i="138" s="[gosales].[PRODUCT_TYPE &lt;--&gt; PRODUCT]"/></map><a seq="0"><id i="0"/><id i="1"/><id i="2"/><id i="3"/><id i="4"/><id i="5"/><id i="6"/><id i="7"/><id i="8"/><id i="9"/><id i="10"/><id i="11"/><id i="12"/><id i="13"/><id i="14"/><id i="15"/><id i="16"/><id i="17"/><id i="18"/><id i="19"/><id i="20"/><id i="21"/><id i="22"/><id i="23"/><id i="24"/><id i="25"/><id i="26"/><id i="27"/><id i="28"/><id i="29"/><id i="30"/><id i="31"/><id i="32"/><id i="33"/><id i="34"/><id i="35"/><id i="36"/><id i="37"/><id i="38"/><id i="39"/><id i="40"/><id i="41"/><id i="42"/><id i="43"/><id i="44"/><id i="45"/><id i="46"/><id i="47"/><id i="48"/><id i="49"/><id i="50"/><id i="51"/><id i="52"/><id i="53"/><id i="54"/><id i="55"/><id i="56"/><id i="57"/><id i="58"/><id i="59"/><id i="60"/><id i="61"/><id i="62"/><id i="63"/><id i="64"/><id i="65"/><id i="66"/><id i="67"/><id i="68"/><id i="69"/><id i="70"/><id i="71"/><id i="72"/><id i="73"/><id i="74"/><id i="75"/><id i="76"/><id i="77"/><id i="78"/><id i="79"/><id i="80"/><id i="81"/><id i="82"/><id i="83"/><id i="84"/><id i="85"/><id i="86"/><id i="87"/><id i="88"/><id i="89"/><id i="90"/><id i="91"/><id i="92"/><id i="93"/><id i="94"/><id i="95"/><id i="96"/><id i="97"/><id i="98"/><id i="99"/><id i="100"/><id i="101"/><id i="102"/><id i="103"/><id i="104"/><id i="105"/><id i="106"/><id i="107"/><id i="108"/><id i="109"/><id i="110"/><id i="111"/><id i="112"/><id i="113"/><id i="114"/><id i="115"/><id i="116"/><id i="117"/><id i="118"/><id i="119"/><id i="120"/><id i="121"/><id i="122"/><id i="123"/><id i="124"/><id i="125"/><id i="126"/><id i="127"/><id i="128"/><id i="129"/><id i="130"/><id i="131"/><id i="132"/><id i="133"/><id i="134"/><id i="135"/><id i="136"/><id i="137"/><id i="138"/></a></t><t seq="28860A1528860A15"><map><id i="0" s="[].[dataSources].[GOSALES]"/></map><a seq="0"><id i="0"/></a></t><t seq="E108D868E108D868"><map></map></t><t seq="E95965B5E95965B5"><map><id i="0" s="[].[parameterMaps].[_governor].[parameterMapEntry]"/><id i="1" s="[].[parameterMaps].[_governor].[maxTablesPerQuery]"/><id i="2" s="[].[parameterMaps].[_governor].[maxRowsRetrieved]"/><id i="3" s="[].[parameterMaps].[_governor].[maxQueryExecutionTime]"/><id i="4" s="[].[parameterMaps].[_governor].[maxTextBlobCharacters]"/><id i="5" s="[].[parameterMaps].[_governor].[useMetadataCallback]"/><id i="6" s="[].[parameterMaps].[_governor].[localCache]"/><id i="7" s="[].[parameterMaps].[_governor].[dynamicDimensionInfo]"/><id i="8" s="[].[parameterMaps].[_governor].[useSQLWithClause]"/><id i="9" s="[].[parameterMaps].[_governor].[suppress]"/><id i="10" s="[].[parameterMaps].[_governor].[processAllModelWhenPublishing]"/><id i="11" s="[].[parameterMaps].[_governor].[maxPersonalDataSources]"/><id i="12" s="[].[parameterMaps].[_governor].[maxPersonalDataFileSize]"/><id i="13" s="[].[parameterMaps].[_governor].[maxPersonalDataRowCount]"/><id i="14" s="[].[parameterMaps].[_governor].[cachePolicyConnectionCommandBlocks]"/><id i="15" s="[].[parameterMaps].[_governor].[outerJoinAllowed]"/><id i="16" s="[].[parameterMaps].[_governor].[crossProductAllowed]"/><id i="17" s="[].[parameterMaps].[_governor].[shortcutProcessing]"/><id i="18" s="[].[parameterMaps].[_governor].[useSQLJoinSyntax]"/><id i="19" s="[].[parameterMaps].[_governor].[categorizeByMeasureDimensionQueryItems]"/><id i="20" s="[].[parameterMaps].[_governor].[SQLgenerationForLevelAttributes]"/><id i="21" s="[].[parameterMaps].[_governor].[SQLgenerationForDeterminantAttributes]"/><id i="22" s="[].[parameterMaps].[_governor].[useSQLParameters]"/><id i="23" s="[].[parameterMaps].[_governor].[exactNumericDivision]"/><id i="24" s="[].[parameterMaps].[_governor].[cachePolicyDBAccess]"/><id i="25" s="[].[parameterMaps].[_governor].[cachePolicyModelSecurity]"/><id i="26" s="[].[parameterMaps].[_governor].[contextSensitiveJoinSelection]"/><id i="27" s="[].[parameterMaps].[_governor].[localCachePolicy]"/><id i="28" s="[].[parameterMaps].[_governor].[cursorMode]"/><id i="29" s="[].[parameterMaps].[_governor].[masterDetailOptimization]"/></map><a seq="0"><id i="0"/><id i="1"/></a><a seq="1"></a><a seq="2"><id i="2"/></a><a seq="3"></a><a seq="4"><id i="3"/></a><a seq="5"></a><a seq="6"><id i="4"/></a><a seq="7"></a><a seq="8"><id i="5"/></a><a seq="9"></a><a seq="10"><id i="6"/></a><a seq="11"></a><a seq="12"><id i="7"/></a><a seq="13"></a><a seq="14"><id i="8"/></a><a seq="15"></a><a seq="16"><id i="9"/></a><a seq="17"></a><a seq="18"><id i="10"/></a><a seq="19"></a><a seq="20"><id i="11"/></a><a seq="21"></a><a seq="22"><id i="12"/></a><a seq="23"></a><a seq="24"><id i="13"/></a><a seq="25"></a><a seq="26"><id i="14"/></a><a seq="27"></a><a seq="28"><id i="15"/></a><a seq="29"></a><a seq="30"><id i="16"/></a><a seq="31"></a><a seq="32"><id i="17"/></a><a seq="33"></a><a seq="34"><id i="18"/></a><a seq="35"></a><a seq="36"><id i="19"/></a><a seq="37"></a><a seq="38"><id i="20"/></a><a seq="39"></a><a seq="40"><id i="21"/></a><a seq="41"></a><a seq="42"><id i="22"/></a><a seq="43"></a><a seq="44"><id i="23"/></a><a seq="45"></a><a seq="46"><id i="24"/></a><a seq="47"></a><a seq="48"><id i="25"/></a><a seq="49"></a><a seq="50"><id i="26"/></a><a seq="51"></a><a seq="52"><id i="27"/></a><a seq="53"></a><a seq="54"><id i="28"/></a><a seq="55"></a><a seq="56"><id i="29"/></a><a seq="57"></a></t><t seq="80F9D66E80F9D66E"><map><id i="0" s="[].[dataSources].[GOSALES]"/></map><a seq="0"><id i="0"/></a><a seq="1"></a></t><t seq="46662A1146662A11"><map><id i="0" s="[].[securityViews].[securityView]"/><id i="1" s="[].[securityViews].[GO Operational]"/><id i="2" s="[].[packages].[GO Operational]"/><id i="3" s="[].[packages].[package]"/></map><a seq="0"><id i="0"/><id i="1"/></a><a seq="1"></a><a seq="2"><id i="2"/><id i="3"/></a><a seq="3"></a><a seq="4"></a><a seq="5"></a><a seq="6"></a><a seq="8"></a><a seq="9"></a><a seq="11"></a></t><t seq="4320518043205180"><map><id i="0" s="[].[packages].[GO Operational]"/><id i="1" s="[gosales].[ORDER_DETAILS].[ORDER_DETAIL_CODE]"/><id i="2" s="[gosales].[ORDER_DETAILS]"/><id i="3" s="[gosales]"/><id i="4" s="[Foundation Objects View]"/><id i="5" s="[GO Operational Model]"/><id i="6" s="[gosales].[ORDER_DETAILS].[ORDER_NUMBER]"/><id i="7" s="[gosales].[ORDER_DETAILS].[SHIP_DATE]"/><id i="8" s="[gosales].[ORDER_DETAILS].[PRODUCT_NUMBER]"/><id i="9" s="[gosales].[ORDER_DETAILS].[PROMOTION_CODE]"/><id i="10" s="[gosales].[ORDER_DETAILS].[QUANTITY]"/><id i="11" s="[gosales].[ORDER_DETAILS].[UNIT_COST]"/><id i="12" s="[gosales].[ORDER_DETAILS].[UNIT_PRICE]"/><id i="13" s="[gosales].[ORDER_DETAILS].[UNIT_SALE_PRICE]"/><id i="14" s="[gosales].[ORDER_HEADER].[ORDER_NUMBER]"/><id i="15" s="[gosales].[ORDER_HEADER]"/><id i="16" s="[gosales].[ORDER_HEADER].[RETAILER_NAME]"/><id i="17" s="[gosales].[ORDER_HEADER].[RETAILER_NAME_MB]"/><id i="18" s="[gosales].[ORDER_HEADER].[RETAILER_SITE_CODE]"/><id i="19" s="[gosales].[ORDER_HEADER].[RETAILER_CONTACT_CODE]"/><id i="20" s="[gosales].[ORDER_HEADER].[SALES_STAFF_CODE]"/><id i="21" s="[gosales].[ORDER_HEADER].[SALES_BRANCH_CODE]"/><id i="22" s="[gosales].[ORDER_HEADER].[ORDER_DATE]"/><id i="23" s="[gosales].[ORDER_HEADER].[ORDER_CLOSE_DATE]"/><id i="24" s="[gosales].[ORDER_HEADER].[ORDER_METHOD_CODE]"/><id i="25" s="[gosales].[ORDER_METHOD].[ORDER_METHOD_CODE]"/><id i="26" s="[gosales].[ORDER_METHOD]"/><id i="27" s="[gosales].[ORDER_METHOD].[ORDER_METHOD_EN]"/><id i="28" s="[gosales].[ORDER_METHOD].[ORDER_METHOD_AR]"/><id i="29" s="[gosales].[ORDER_METHOD].[ORDER_METHOD_CS]"/><id i="30" s="[gosales].[ORDER_METHOD].[ORDER_METHOD_DA]"/><id i="31" s="[gosales].[ORDER_METHOD].[ORDER_METHOD_DE]"/><id i="32" s="[gosales].[ORDER_METHOD].[ORDER_METHOD_EL]"/><id i="33" s="[gosales].[ORDER_METHOD].[ORDER_METHOD_ES]"/><id i="34" s="[gosales].[ORDER_METHOD].[ORDER_METHOD_FI]"/><id i="35" s="[gosales].[ORDER_METHOD].[ORDER_METHOD_FR]"/><id i="36" s="[gosales].[ORDER_METHOD].[ORDER_METHOD_HR]"/><id i="37" s="[gosales].[ORDER_METHOD].[ORDER_METHOD_HU]"/><id i="38" s="[gosales].[ORDER_METHOD].[ORDER_METHOD_ID]"/><id i="39" s="[gosales].[ORDER_METHOD].[ORDER_METHOD_IT]"/><id i="40" s="[gosales].[ORDER_METHOD].[ORDER_METHOD_JA]"/><id i="41" s="[gosales].[ORDER_METHOD].[ORDER_METHOD_KK]"/><id i="42" s="[gosales].[ORDER_METHOD].[ORDER_METHOD_KO]"/><id i="43" s="[]"/><id i="44" s="[gosales].[ORDER_METHOD].[ORDER_METHOD_MS]"/><id i="45" s="[gosales].[ORDER_METHOD].[ORDER_METHOD_NL]"/><id i="46" s="[gosales].[ORDER_METHOD].[ORDER_METHOD_NO]"/><id i="47" s="[gosales].[ORDER_METHOD].[ORDER_METHOD_PL]"/><id i="48" s="[gosales].[ORDER_METHOD].[ORDER_METHOD_PT]"/><id i="49" s="[gosales].[ORDER_METHOD].[ORDER_METHOD_RO]"/><id i="50" s="[gosales].[ORDER_METHOD].[ORDER_METHOD_RU]"/><id i="51" s="[gosales].[ORDER_METHOD].[ORDER_METHOD_SC]"/><id i="52" s="[gosales].[ORDER_METHOD].[ORDER_METHOD_SL]"/><id i="53" s="[gosales].[ORDER_METHOD].[ORDER_METHOD_SV]"/><id i="54" s="[gosales].[ORDER_METHOD].[ORDER_METHOD_TC]"/><id i="55" s="[gosales].[ORDER_METHOD].[ORDER_METHOD_TH]"/><id i="56" s="[gosales].[ORDER_METHOD].[ORDER_METHOD_TR]"/><id i="57" s="[gosales].[PRODUCT].[PRODUCT_NUMBER]"/><id i="58" s="[gosales].[PRODUCT]"/><id i="59" s="[gosales].[PRODUCT].[BASE_PRODUCT_NUMBER]"/><id i="60" s="[gosales].[PRODUCT].[INTRODUCTION_DATE]"/><id i="61" s="[gosales].[PRODUCT].[DISCONTINUED_DATE]"/><id i="62" s="[gosales].[PRODUCT].[PRODUCT_TYPE_CODE]"/><id i="63" s="[gosales].[PRODUCT].[PRODUCT_COLOR_CODE]"/><id i="64" s="[gosales].[PRODUCT].[PRODUCT_SIZE_CODE]"/><id i="65" s="[gosales].[PRODUCT].[PRODUCT_BRAND_CODE]"/><id i="66" s="[gosales].[PRODUCT].[PRODUCT_IMAGE]"/><id i="67" s="[gosales].[PRODUCT_LINE].[PRODUCT_LINE_CODE]"/><id i="68" s="[gosales].[PRODUCT_LINE]"/><id i="69" s="[gosales].[PRODUCT_LINE].[PRODUCT_LINE_EN]"/><id i="70" s="[gosales].[PRODUCT_LINE].[PRODUCT_LINE_AR]"/><id i="71" s="[gosales].[PRODUCT_LINE].[PRODUCT_LINE_CS]"/><id i="72" s="[gosales].[PRODUCT_LINE].[PRODUCT_LINE_DA]"/><id i="73" s="[gosales].[PRODUCT_LINE].[PRODUCT_LINE_DE]"/><id i="74" s="[gosales].[PRODUCT_LINE].[PRODUCT_LINE_EL]"/><id i="75" s="[gosales].[PRODUCT_LINE].[PRODUCT_LINE_ES]"/><id i="76" s="[gosales].[PRODUCT_LINE].[PRODUCT_LINE_FI]"/><id i="77" s="[gosales].[PRODUCT_LINE].[PRODUCT_LINE_FR]"/><id i="78" s="[gosales].[PRODUCT_LINE].[PRODUCT_LINE_HR]"/><id i="79" s="[gosales].[PRODUCT_LINE].[PRODUCT_LINE_HU]"/><id i="80" s="[gosales].[PRODUCT_LINE].[PRODUCT_LINE_ID]"/><id i="81" s="[gosales].[PRODUCT_LINE].[PRODUCT_LINE_IT]"/><id i="82" s="[gosales].[PRODUCT_LINE].[PRODUCT_LINE_JA]"/><id i="83" s="[gosales].[PRODUCT_LINE].[PRODUCT_LINE_KK]"/><id i="84" s="[gosales].[PRODUCT_LINE].[PRODUCT_LINE_KO]"/><id i="85" s="[gosales].[PRODUCT_LINE].[PRODUCT_LINE_MS]"/><id i="86" s="[gosales].[PRODUCT_LINE].[PRODUCT_LINE_NL]"/><id i="87" s="[gosales].[PRODUCT_LINE].[PRODUCT_LINE_NO]"/><id i="88" s="[gosales].[PRODUCT_LINE].[PRODUCT_LINE_PL]"/><id i="89" s="[gosales].[PRODUCT_LINE].[PRODUCT_LINE_PT]"/><id i="90" s="[gosales].[PRODUCT_LINE].[PRODUCT_LINE_RO]"/><id i="91" s="[gosales].[PRODUCT_LINE].[PRODUCT_LINE_RU]"/><id i="92" s="[gosales].[PRODUCT_LINE].[PRODUCT_LINE_SC]"/><id i="93" s="[gosales].[PRODUCT_LINE].[PRODUCT_LINE_SL]"/><id i="94" s="[gosales].[PRODUCT_LINE].[PRODUCT_LINE_SV]"/><id i="95" s="[gosales].[PRODUCT_LINE].[PRODUCT_LINE_TC]"/><id i="96" s="[gosales].[PRODUCT_LINE].[PRODUCT_LINE_TH]"/><id i="97" s="[gosales].[PRODUCT_LINE].[PRODUCT_LINE_TR]"/><id i="98" s="[gosales].[PRODUCT_NAME_LOOKUP].[PRODUCT_NUMBER]"/><id i="99" s="[gosales].[PRODUCT_NAME_LOOKUP]"/><id i="100" s="[gosales].[PRODUCT_NAME_LOOKUP].[PRODUCT_LANGUAGE]"/><id i="101" s="[gosales].[PRODUCT_NAME_LOOKUP].[PRODUCT_NAME]"/><id i="102" s="[gosales].[PRODUCT_NAME_LOOKUP].[PRODUCT_DESCRIPTION]"/><id i="103" s="[gosales].[PRODUCT_TYPE].[PRODUCT_TYPE_CODE]"/><id i="104" s="[gosales].[PRODUCT_TYPE]"/><id i="105" s="[gosales].[PRODUCT_TYPE].[PRODUCT_LINE_CODE]"/><id i="106" s="[gosales].[PRODUCT_TYPE].[PRODUCT_TYPE_EN]"/><id i="107" s="[gosales].[PRODUCT_TYPE].[PRODUCT_TYPE_AR]"/><id i="108" s="[gosales].[PRODUCT_TYPE].[PRODUCT_TYPE_CS]"/><id i="109" s="[gosales].[PRODUCT_TYPE].[PRODUCT_TYPE_DA]"/><id i="110" s="[gosales].[PRODUCT_TYPE].[PRODUCT_TYPE_DE]"/><id i="111" s="[gosales].[PRODUCT_TYPE].[PRODUCT_TYPE_EL]"/><id i="112" s="[gosales].[PRODUCT_TYPE].[PRODUCT_TYPE_ES]"/><id i="113" s="[gosales].[PRODUCT_TYPE].[PRODUCT_TYPE_FI]"/><id i="114" s="[gosales].[PRODUCT_TYPE].[PRODUCT_TYPE_FR]"/><id i="115" s="[gosales].[PRODUCT_TYPE].[PRODUCT_TYPE_HR]"/><id i="116" s="[gosales].[PRODUCT_TYPE].[PRODUCT_TYPE_HU]"/><id i="117" s="[gosales].[PRODUCT_TYPE].[PRODUCT_TYPE_ID]"/><id i="118" s="[gosales].[PRODUCT_TYPE].[PRODUCT_TYPE_IT]"/><id i="119" s="[gosales].[PRODUCT_TYPE].[PRODUCT_TYPE_JA]"/><id i="120" s="[gosales].[PRODUCT_TYPE].[PRODUCT_TYPE_KK]"/><id i="121" s="[gosales].[PRODUCT_TYPE].[PRODUCT_TYPE_KO]"/><id i="122" s="[gosales].[PRODUCT_TYPE].[PRODUCT_TYPE_MS]"/><id i="123" s="[gosales].[PRODUCT_TYPE].[PRODUCT_TYPE_NL]"/><id i="124" s="[gosales].[PRODUCT_TYPE].[PRODUCT_TYPE_NO]"/><id i="125" s="[gosales].[PRODUCT_TYPE].[PRODUCT_TYPE_PL]"/><id i="126" s="[gosales].[PRODUCT_TYPE].[PRODUCT_TYPE_PT]"/><id i="127" s="[gosales].[PRODUCT_TYPE].[PRODUCT_TYPE_RO]"/><id i="128" s="[gosales].[PRODUCT_TYPE].[PRODUCT_TYPE_RU]"/><id i="129" s="[gosales].[PRODUCT_TYPE].[PRODUCT_TYPE_SC]"/><id i="130" s="[gosales].[PRODUCT_TYPE].[PRODUCT_TYPE_SL]"/><id i="131" s="[gosales].[PRODUCT_TYPE].[PRODUCT_TYPE_SV]"/><id i="132" s="[gosales].[PRODUCT_TYPE].[PRODUCT_TYPE_TC]"/><id i="133" s="[gosales].[PRODUCT_TYPE].[PRODUCT_TYPE_TH]"/><id i="134" s="[gosales].[PRODUCT_TYPE].[PRODUCT_TYPE_TR]"/></map><a seq="-1"><id i="0"/><id i="1"/><id i="2"/><id i="3"/><id i="4"/><id i="5"/><id i="6"/><id i="7"/><id i="8"/><id i="9"/><id i="10"/><id i="11"/><id i="12"/><id i="13"/><id i="14"/><id i="15"/><id i="16"/><id i="17"/><id i="18"/><id i="19"/><id i="20"/><id i="21"/><id i="22"/><id i="23"/><id i="24"/><id i="25"/><id i="26"/><id i="27"/><id i="28"/><id i="29"/><id i="30"/><id i="31"/><id i="32"/><id i="33"/><id i="34"/><id i="35"/><id i="36"/><id i="37"/><id i="38"/><id i="39"/><id i="40"/><id i="41"/><id i="42"/><id i="43"/><id i="44"/><id i="45"/><id i="46"/><id i="47"/><id i="48"/><id i="49"/><id i="50"/><id i="51"/><id i="52"/><id i="53"/><id i="54"/><id i="55"/><id i="56"/><id i="57"/><id i="58"/><id i="59"/><id i="60"/><id i="61"/><id i="62"/><id i="63"/><id i="64"/><id i="65"/><id i="66"/><id i="67"/><id i="68"/><id i="69"/><id i="70"/><id i="71"/><id i="72"/><id i="73"/><id i="74"/><id i="75"/><id i="76"/><id i="77"/><id i="78"/><id i="79"/><id i="80"/><id i="81"/><id i="82"/><id i="83"/><id i="84"/><id i="85"/><id i="86"/><id i="87"/><id i="88"/><id i="89"/><id i="90"/><id i="91"/><id i="92"/><id i="93"/><id i="94"/><id i="95"/><id i="96"/><id i="97"/><id i="98"/><id i="99"/><id i="100"/><id i="101"/><id i="102"/><id i="103"/><id i="104"/><id i="105"/><id i="106"/><id i="107"/><id i="108"/><id i="109"/><id i="110"/><id i="111"/><id i="112"/><id i="113"/><id i="114"/><id i="115"/><id i="116"/><id i="117"/><id i="118"/><id i="119"/><id i="120"/><id i="121"/><id i="122"/><id i="123"/><id i="124"/><id i="125"/><id i="126"/><id i="127"/><id i="128"/><id i="129"/><id i="130"/><id i="131"/><id i="132"/><id i="133"/><id i="134"/></a></t><t seq="4320518043205180"><map><id i="0" s="[].[packages].[GO Operational]"/><id i="1" s="[gosales].[ORDER_DETAILS].[ORDER_DETAIL_CODE]"/><id i="2" s="[gosales].[ORDER_DETAILS]"/><id i="3" s="[gosales]"/><id i="4" s="[Foundation Objects View]"/><id i="5" s="[GO Operational Model]"/><id i="6" s="[gosales].[ORDER_DETAILS].[ORDER_NUMBER]"/><id i="7" s="[gosales].[ORDER_DETAILS].[SHIP_DATE]"/><id i="8" s="[gosales].[ORDER_DETAILS].[PRODUCT_NUMBER]"/><id i="9" s="[gosales].[ORDER_DETAILS].[PROMOTION_CODE]"/><id i="10" s="[gosales].[ORDER_DETAILS].[QUANTITY]"/><id i="11" s="[gosales].[ORDER_DETAILS].[UNIT_COST]"/><id i="12" s="[gosales].[ORDER_DETAILS].[UNIT_PRICE]"/><id i="13" s="[gosales].[ORDER_DETAILS].[UNIT_SALE_PRICE]"/><id i="14" s="[gosales].[ORDER_HEADER].[ORDER_NUMBER]"/><id i="15" s="[gosales].[ORDER_HEADER]"/><id i="16" s="[gosales].[ORDER_HEADER].[RETAILER_NAME]"/><id i="17" s="[gosales].[ORDER_HEADER].[RETAILER_NAME_MB]"/><id i="18" s="[gosales].[ORDER_HEADER].[RETAILER_SITE_CODE]"/><id i="19" s="[gosales].[ORDER_HEADER].[RETAILER_CONTACT_CODE]"/><id i="20" s="[gosales].[ORDER_HEADER].[SALES_STAFF_CODE]"/><id i="21" s="[gosales].[ORDER_HEADER].[SALES_BRANCH_CODE]"/><id i="22" s="[gosales].[ORDER_HEADER].[ORDER_DATE]"/><id i="23" s="[gosales].[ORDER_HEADER].[ORDER_CLOSE_DATE]"/><id i="24" s="[gosales].[ORDER_HEADER].[ORDER_METHOD_CODE]"/><id i="25" s="[gosales].[ORDER_METHOD].[ORDER_METHOD_CODE]"/><id i="26" s="[gosales].[ORDER_METHOD]"/><id i="27" s="[gosales].[ORDER_METHOD].[ORDER_METHOD_EN]"/><id i="28" s="[gosales].[ORDER_METHOD].[ORDER_METHOD_AR]"/><id i="29" s="[gosales].[ORDER_METHOD].[ORDER_METHOD_CS]"/><id i="30" s="[gosales].[ORDER_METHOD].[ORDER_METHOD_DA]"/><id i="31" s="[gosales].[ORDER_METHOD].[ORDER_METHOD_DE]"/><id i="32" s="[gosales].[ORDER_METHOD].[ORDER_METHOD_EL]"/><id i="33" s="[gosales].[ORDER_METHOD].[ORDER_METHOD_ES]"/><id i="34" s="[gosales].[ORDER_METHOD].[ORDER_METHOD_FI]"/><id i="35" s="[gosales].[ORDER_METHOD].[ORDER_METHOD_FR]"/><id i="36" s="[gosales].[ORDER_METHOD].[ORDER_METHOD_HR]"/><id i="37" s="[gosales].[ORDER_METHOD].[ORDER_METHOD_HU]"/><id i="38" s="[gosales].[ORDER_METHOD].[ORDER_METHOD_ID]"/><id i="39" s="[gosales].[ORDER_METHOD].[ORDER_METHOD_IT]"/><id i="40" s="[gosales].[ORDER_METHOD].[ORDER_METHOD_JA]"/><id i="41" s="[gosales].[ORDER_METHOD].[ORDER_METHOD_KK]"/><id i="42" s="[gosales].[ORDER_METHOD].[ORDER_METHOD_KO]"/><id i="43" s="[]"/><id i="44" s="[gosales].[ORDER_METHOD].[ORDER_METHOD_MS]"/><id i="45" s="[gosales].[ORDER_METHOD].[ORDER_METHOD_NL]"/><id i="46" s="[gosales].[ORDER_METHOD].[ORDER_METHOD_NO]"/><id i="47" s="[gosales].[ORDER_METHOD].[ORDER_METHOD_PL]"/><id i="48" s="[gosales].[ORDER_METHOD].[ORDER_METHOD_PT]"/><id i="49" s="[gosales].[ORDER_METHOD].[ORDER_METHOD_RO]"/><id i="50" s="[gosales].[ORDER_METHOD].[ORDER_METHOD_RU]"/><id i="51" s="[gosales].[ORDER_METHOD].[ORDER_METHOD_SC]"/><id i="52" s="[gosales].[ORDER_METHOD].[ORDER_METHOD_SL]"/><id i="53" s="[gosales].[ORDER_METHOD].[ORDER_METHOD_SV]"/><id i="54" s="[gosales].[ORDER_METHOD].[ORDER_METHOD_TC]"/><id i="55" s="[gosales].[ORDER_METHOD].[ORDER_METHOD_TH]"/><id i="56" s="[gosales].[ORDER_METHOD].[ORDER_METHOD_TR]"/><id i="57" s="[gosales].[PRODUCT].[PRODUCT_NUMBER]"/><id i="58" s="[gosales].[PRODUCT]"/><id i="59" s="[gosales].[PRODUCT].[BASE_PRODUCT_NUMBER]"/><id i="60" s="[gosales].[PRODUCT].[INTRODUCTION_DATE]"/><id i="61" s="[gosales].[PRODUCT].[DISCONTINUED_DATE]"/><id i="62" s="[gosales].[PRODUCT].[PRODUCT_TYPE_CODE]"/><id i="63" s="[gosales].[PRODUCT].[PRODUCT_COLOR_CODE]"/><id i="64" s="[gosales].[PRODUCT].[PRODUCT_SIZE_CODE]"/><id i="65" s="[gosales].[PRODUCT].[PRODUCT_BRAND_CODE]"/><id i="66" s="[gosales].[PRODUCT].[PRODUCT_IMAGE]"/><id i="67" s="[gosales].[PRODUCT_LINE].[PRODUCT_LINE_CODE]"/><id i="68" s="[gosales].[PRODUCT_LINE]"/><id i="69" s="[gosales].[PRODUCT_LINE].[PRODUCT_LINE_EN]"/><id i="70" s="[gosales].[PRODUCT_LINE].[PRODUCT_LINE_AR]"/><id i="71" s="[gosales].[PRODUCT_LINE].[PRODUCT_LINE_CS]"/><id i="72" s="[gosales].[PRODUCT_LINE].[PRODUCT_LINE_DA]"/><id i="73" s="[gosales].[PRODUCT_LINE].[PRODUCT_LINE_DE]"/><id i="74" s="[gosales].[PRODUCT_LINE].[PRODUCT_LINE_EL]"/><id i="75" s="[gosales].[PRODUCT_LINE].[PRODUCT_LINE_ES]"/><id i="76" s="[gosales].[PRODUCT_LINE].[PRODUCT_LINE_FI]"/><id i="77" s="[gosales].[PRODUCT_LINE].[PRODUCT_LINE_FR]"/><id i="78" s="[gosales].[PRODUCT_LINE].[PRODUCT_LINE_HR]"/><id i="79" s="[gosales].[PRODUCT_LINE].[PRODUCT_LINE_HU]"/><id i="80" s="[gosales].[PRODUCT_LINE].[PRODUCT_LINE_ID]"/><id i="81" s="[gosales].[PRODUCT_LINE].[PRODUCT_LINE_IT]"/><id i="82" s="[gosales].[PRODUCT_LINE].[PRODUCT_LINE_JA]"/><id i="83" s="[gosales].[PRODUCT_LINE].[PRODUCT_LINE_KK]"/><id i="84" s="[gosales].[PRODUCT_LINE].[PRODUCT_LINE_KO]"/><id i="85" s="[gosales].[PRODUCT_LINE].[PRODUCT_LINE_MS]"/><id i="86" s="[gosales].[PRODUCT_LINE].[PRODUCT_LINE_NL]"/><id i="87" s="[gosales].[PRODUCT_LINE].[PRODUCT_LINE_NO]"/><id i="88" s="[gosales].[PRODUCT_LINE].[PRODUCT_LINE_PL]"/><id i="89" s="[gosales].[PRODUCT_LINE].[PRODUCT_LINE_PT]"/><id i="90" s="[gosales].[PRODUCT_LINE].[PRODUCT_LINE_RO]"/><id i="91" s="[gosales].[PRODUCT_LINE].[PRODUCT_LINE_RU]"/><id i="92" s="[gosales].[PRODUCT_LINE].[PRODUCT_LINE_SC]"/><id i="93" s="[gosales].[PRODUCT_LINE].[PRODUCT_LINE_SL]"/><id i="94" s="[gosales].[PRODUCT_LINE].[PRODUCT_LINE_SV]"/><id i="95" s="[gosales].[PRODUCT_LINE].[PRODUCT_LINE_TC]"/><id i="96" s="[gosales].[PRODUCT_LINE].[PRODUCT_LINE_TH]"/><id i="97" s="[gosales].[PRODUCT_LINE].[PRODUCT_LINE_TR]"/><id i="98" s="[gosales].[PRODUCT_NAME_LOOKUP].[PRODUCT_NUMBER]"/><id i="99" s="[gosales].[PRODUCT_NAME_LOOKUP]"/><id i="100" s="[gosales].[PRODUCT_NAME_LOOKUP].[PRODUCT_LANGUAGE]"/><id i="101" s="[gosales].[PRODUCT_NAME_LOOKUP].[PRODUCT_NAME]"/><id i="102" s="[gosales].[PRODUCT_NAME_LOOKUP].[PRODUCT_DESCRIPTION]"/><id i="103" s="[gosales].[PRODUCT_TYPE].[PRODUCT_TYPE_CODE]"/><id i="104" s="[gosales].[PRODUCT_TYPE]"/><id i="105" s="[gosales].[PRODUCT_TYPE].[PRODUCT_LINE_CODE]"/><id i="106" s="[gosales].[PRODUCT_TYPE].[PRODUCT_TYPE_EN]"/><id i="107" s="[gosales].[PRODUCT_TYPE].[PRODUCT_TYPE_AR]"/><id i="108" s="[gosales].[PRODUCT_TYPE].[PRODUCT_TYPE_CS]"/><id i="109" s="[gosales].[PRODUCT_TYPE].[PRODUCT_TYPE_DA]"/><id i="110" s="[gosales].[PRODUCT_TYPE].[PRODUCT_TYPE_DE]"/><id i="111" s="[gosales].[PRODUCT_TYPE].[PRODUCT_TYPE_EL]"/><id i="112" s="[gosales].[PRODUCT_TYPE].[PRODUCT_TYPE_ES]"/><id i="113" s="[gosales].[PRODUCT_TYPE].[PRODUCT_TYPE_FI]"/><id i="114" s="[gosales].[PRODUCT_TYPE].[PRODUCT_TYPE_FR]"/><id i="115" s="[gosales].[PRODUCT_TYPE].[PRODUCT_TYPE_HR]"/><id i="116" s="[gosales].[PRODUCT_TYPE].[PRODUCT_TYPE_HU]"/><id i="117" s="[gosales].[PRODUCT_TYPE].[PRODUCT_TYPE_ID]"/><id i="118" s="[gosales].[PRODUCT_TYPE].[PRODUCT_TYPE_IT]"/><id i="119" s="[gosales].[PRODUCT_TYPE].[PRODUCT_TYPE_JA]"/><id i="120" s="[gosales].[PRODUCT_TYPE].[PRODUCT_TYPE_KK]"/><id i="121" s="[gosales].[PRODUCT_TYPE].[PRODUCT_TYPE_KO]"/><id i="122" s="[gosales].[PRODUCT_TYPE].[PRODUCT_TYPE_MS]"/><id i="123" s="[gosales].[PRODUCT_TYPE].[PRODUCT_TYPE_NL]"/><id i="124" s="[gosales].[PRODUCT_TYPE].[PRODUCT_TYPE_NO]"/><id i="125" s="[gosales].[PRODUCT_TYPE].[PRODUCT_TYPE_PL]"/><id i="126" s="[gosales].[PRODUCT_TYPE].[PRODUCT_TYPE_PT]"/><id i="127" s="[gosales].[PRODUCT_TYPE].[PRODUCT_TYPE_RO]"/><id i="128" s="[gosales].[PRODUCT_TYPE].[PRODUCT_TYPE_RU]"/><id i="129" s="[gosales].[PRODUCT_TYPE].[PRODUCT_TYPE_SC]"/><id i="130" s="[gosales].[PRODUCT_TYPE].[PRODUCT_TYPE_SL]"/><id i="131" s="[gosales].[PRODUCT_TYPE].[PRODUCT_TYPE_SV]"/><id i="132" s="[gosales].[PRODUCT_TYPE].[PRODUCT_TYPE_TC]"/><id i="133" s="[gosales].[PRODUCT_TYPE].[PRODUCT_TYPE_TH]"/><id i="134" s="[gosales].[PRODUCT_TYPE].[PRODUCT_TYPE_TR]"/><id i="135" s=""/></map><a seq="0"><id i="0"/><id i="1"/><id i="2"/><id i="3"/><id i="4"/><id i="5"/><id i="6"/><id i="7"/><id i="8"/><id i="9"/><id i="10"/><id i="11"/><id i="12"/><id i="13"/><id i="14"/><id i="15"/><id i="16"/><id i="17"/><id i="18"/><id i="19"/><id i="20"/><id i="21"/><id i="22"/><id i="23"/><id i="24"/><id i="25"/><id i="26"/><id i="27"/><id i="28"/><id i="29"/><id i="30"/><id i="31"/><id i="32"/><id i="33"/><id i="34"/><id i="35"/><id i="36"/><id i="37"/><id i="38"/><id i="39"/><id i="40"/><id i="41"/><id i="42"/><id i="43"/><id i="44"/><id i="45"/><id i="46"/><id i="47"/><id i="48"/><id i="49"/><id i="50"/><id i="51"/><id i="52"/><id i="53"/><id i="54"/><id i="55"/><id i="56"/><id i="57"/><id i="58"/><id i="59"/><id i="60"/><id i="61"/><id i="62"/><id i="63"/><id i="64"/><id i="65"/><id i="66"/><id i="67"/><id i="68"/><id i="69"/><id i="70"/><id i="71"/><id i="72"/><id i="73"/><id i="74"/><id i="75"/><id i="76"/><id i="77"/><id i="78"/><id i="79"/><id i="80"/><id i="81"/><id i="82"/><id i="83"/><id i="84"/><id i="85"/><id i="86"/><id i="87"/><id i="88"/><id i="89"/><id i="90"/><id i="91"/><id i="92"/><id i="93"/><id i="94"/><id i="95"/><id i="96"/><id i="97"/><id i="98"/><id i="99"/><id i="100"/><id i="101"/><id i="102"/><id i="103"/><id i="104"/><id i="105"/><id i="106"/><id i="107"/><id i="108"/><id i="109"/><id i="110"/><id i="111"/><id i="112"/><id i="113"/><id i="114"/><id i="115"/><id i="116"/><id i="117"/><id i="118"/><id i="119"/><id i="120"/><id i="121"/><id i="122"/><id i="123"/><id i="124"/><id i="125"/><id i="126"/><id i="127"/><id i="128"/><id i="129"/><id i="130"/><id i="131"/><id i="132"/><id i="133"/><id i="134"/><id i="135"/></a></t><t seq="4320518043205180"><map><id i="0" s="[].[packages].[GO Operational]"/><id i="1" s="[gosales].[ORDER_DETAILS].[ORDER_DETAIL_CODE]"/><id i="2" s="[gosales].[ORDER_DETAILS]"/><id i="3" s="[gosales]"/><id i="4" s="[Foundation Objects View]"/><id i="5" s="[GO Operational Model]"/><id i="6" s="[gosales].[ORDER_DETAILS].[ORDER_NUMBER]"/><id i="7" s="[gosales].[ORDER_DETAILS].[SHIP_DATE]"/><id i="8" s="[gosales].[ORDER_DETAILS].[PRODUCT_NUMBER]"/><id i="9" s="[gosales].[ORDER_DETAILS].[PROMOTION_CODE]"/><id i="10" s="[gosales].[ORDER_DETAILS].[QUANTITY]"/><id i="11" s="[gosales].[ORDER_DETAILS].[UNIT_COST]"/><id i="12" s="[gosales].[ORDER_DETAILS].[UNIT_PRICE]"/><id i="13" s="[gosales].[ORDER_DETAILS].[UNIT_SALE_PRICE]"/><id i="14" s="[gosales].[ORDER_HEADER].[ORDER_NUMBER]"/><id i="15" s="[gosales].[ORDER_HEADER]"/><id i="16" s="[gosales].[ORDER_HEADER].[RETAILER_NAME]"/><id i="17" s="[gosales].[ORDER_HEADER].[RETAILER_NAME_MB]"/><id i="18" s="[gosales].[ORDER_HEADER].[RETAILER_SITE_CODE]"/><id i="19" s="[gosales].[ORDER_HEADER].[RETAILER_CONTACT_CODE]"/><id i="20" s="[gosales].[ORDER_HEADER].[SALES_STAFF_CODE]"/><id i="21" s="[gosales].[ORDER_HEADER].[SALES_BRANCH_CODE]"/><id i="22" s="[gosales].[ORDER_HEADER].[ORDER_DATE]"/><id i="23" s="[gosales].[ORDER_HEADER].[ORDER_CLOSE_DATE]"/><id i="24" s="[gosales].[ORDER_HEADER].[ORDER_METHOD_CODE]"/><id i="25" s="[gosales].[ORDER_METHOD].[ORDER_METHOD_CODE]"/><id i="26" s="[gosales].[ORDER_METHOD]"/><id i="27" s="[gosales].[ORDER_METHOD].[ORDER_METHOD_EN]"/><id i="28" s="[gosales].[ORDER_METHOD].[ORDER_METHOD_AR]"/><id i="29" s="[gosales].[ORDER_METHOD].[ORDER_METHOD_CS]"/><id i="30" s="[gosales].[ORDER_METHOD].[ORDER_METHOD_DA]"/><id i="31" s="[gosales].[ORDER_METHOD].[ORDER_METHOD_DE]"/><id i="32" s="[gosales].[ORDER_METHOD].[ORDER_METHOD_EL]"/><id i="33" s="[gosales].[ORDER_METHOD].[ORDER_METHOD_ES]"/><id i="34" s="[gosales].[ORDER_METHOD].[ORDER_METHOD_FI]"/><id i="35" s="[gosales].[ORDER_METHOD].[ORDER_METHOD_FR]"/><id i="36" s="[gosales].[ORDER_METHOD].[ORDER_METHOD_HR]"/><id i="37" s="[gosales].[ORDER_METHOD].[ORDER_METHOD_HU]"/><id i="38" s="[gosales].[ORDER_METHOD].[ORDER_METHOD_ID]"/><id i="39" s="[gosales].[ORDER_METHOD].[ORDER_METHOD_IT]"/><id i="40" s="[gosales].[ORDER_METHOD].[ORDER_METHOD_JA]"/><id i="41" s="[gosales].[ORDER_METHOD].[ORDER_METHOD_KK]"/><id i="42" s="[gosales].[ORDER_METHOD].[ORDER_METHOD_KO]"/><id i="43" s="[]"/><id i="44" s="[gosales].[ORDER_METHOD].[ORDER_METHOD_MS]"/><id i="45" s="[gosales].[ORDER_METHOD].[ORDER_METHOD_NL]"/><id i="46" s="[gosales].[ORDER_METHOD].[ORDER_METHOD_NO]"/><id i="47" s="[gosales].[ORDER_METHOD].[ORDER_METHOD_PL]"/><id i="48" s="[gosales].[ORDER_METHOD].[ORDER_METHOD_PT]"/><id i="49" s="[gosales].[ORDER_METHOD].[ORDER_METHOD_RO]"/><id i="50" s="[gosales].[ORDER_METHOD].[ORDER_METHOD_RU]"/><id i="51" s="[gosales].[ORDER_METHOD].[ORDER_METHOD_SC]"/><id i="52" s="[gosales].[ORDER_METHOD].[ORDER_METHOD_SL]"/><id i="53" s="[gosales].[ORDER_METHOD].[ORDER_METHOD_SV]"/><id i="54" s="[gosales].[ORDER_METHOD].[ORDER_METHOD_TC]"/><id i="55" s="[gosales].[ORDER_METHOD].[ORDER_METHOD_TH]"/><id i="56" s="[gosales].[ORDER_METHOD].[ORDER_METHOD_TR]"/><id i="57" s="[gosales].[PRODUCT].[PRODUCT_NUMBER]"/><id i="58" s="[gosales].[PRODUCT]"/><id i="59" s="[gosales].[PRODUCT].[BASE_PRODUCT_NUMBER]"/><id i="60" s="[gosales].[PRODUCT].[INTRODUCTION_DATE]"/><id i="61" s="[gosales].[PRODUCT].[DISCONTINUED_DATE]"/><id i="62" s="[gosales].[PRODUCT].[PRODUCT_TYPE_CODE]"/><id i="63" s="[gosales].[PRODUCT].[PRODUCT_COLOR_CODE]"/><id i="64" s="[gosales].[PRODUCT].[PRODUCT_SIZE_CODE]"/><id i="65" s="[gosales].[PRODUCT].[PRODUCT_BRAND_CODE]"/><id i="66" s="[gosales].[PRODUCT].[PRODUCT_IMAGE]"/><id i="67" s="[gosales].[PRODUCT_LINE].[PRODUCT_LINE_CODE]"/><id i="68" s="[gosales].[PRODUCT_LINE]"/><id i="69" s="[gosales].[PRODUCT_LINE].[PRODUCT_LINE_EN]"/><id i="70" s="[gosales].[PRODUCT_LINE].[PRODUCT_LINE_AR]"/><id i="71" s="[gosales].[PRODUCT_LINE].[PRODUCT_LINE_CS]"/><id i="72" s="[gosales].[PRODUCT_LINE].[PRODUCT_LINE_DA]"/><id i="73" s="[gosales].[PRODUCT_LINE].[PRODUCT_LINE_DE]"/><id i="74" s="[gosales].[PRODUCT_LINE].[PRODUCT_LINE_EL]"/><id i="75" s="[gosales].[PRODUCT_LINE].[PRODUCT_LINE_ES]"/><id i="76" s="[gosales].[PRODUCT_LINE].[PRODUCT_LINE_FI]"/><id i="77" s="[gosales].[PRODUCT_LINE].[PRODUCT_LINE_FR]"/><id i="78" s="[gosales].[PRODUCT_LINE].[PRODUCT_LINE_HR]"/><id i="79" s="[gosales].[PRODUCT_LINE].[PRODUCT_LINE_HU]"/><id i="80" s="[gosales].[PRODUCT_LINE].[PRODUCT_LINE_ID]"/><id i="81" s="[gosales].[PRODUCT_LINE].[PRODUCT_LINE_IT]"/><id i="82" s="[gosales].[PRODUCT_LINE].[PRODUCT_LINE_JA]"/><id i="83" s="[gosales].[PRODUCT_LINE].[PRODUCT_LINE_KK]"/><id i="84" s="[gosales].[PRODUCT_LINE].[PRODUCT_LINE_KO]"/><id i="85" s="[gosales].[PRODUCT_LINE].[PRODUCT_LINE_MS]"/><id i="86" s="[gosales].[PRODUCT_LINE].[PRODUCT_LINE_NL]"/><id i="87" s="[gosales].[PRODUCT_LINE].[PRODUCT_LINE_NO]"/><id i="88" s="[gosales].[PRODUCT_LINE].[PRODUCT_LINE_PL]"/><id i="89" s="[gosales].[PRODUCT_LINE].[PRODUCT_LINE_PT]"/><id i="90" s="[gosales].[PRODUCT_LINE].[PRODUCT_LINE_RO]"/><id i="91" s="[gosales].[PRODUCT_LINE].[PRODUCT_LINE_RU]"/><id i="92" s="[gosales].[PRODUCT_LINE].[PRODUCT_LINE_SC]"/><id i="93" s="[gosales].[PRODUCT_LINE].[PRODUCT_LINE_SL]"/><id i="94" s="[gosales].[PRODUCT_LINE].[PRODUCT_LINE_SV]"/><id i="95" s="[gosales].[PRODUCT_LINE].[PRODUCT_LINE_TC]"/><id i="96" s="[gosales].[PRODUCT_LINE].[PRODUCT_LINE_TH]"/><id i="97" s="[gosales].[PRODUCT_LINE].[PRODUCT_LINE_TR]"/><id i="98" s="[gosales].[PRODUCT_NAME_LOOKUP].[PRODUCT_NUMBER]"/><id i="99" s="[gosales].[PRODUCT_NAME_LOOKUP]"/><id i="100" s="[gosales].[PRODUCT_NAME_LOOKUP].[PRODUCT_LANGUAGE]"/><id i="101" s="[gosales].[PRODUCT_NAME_LOOKUP].[PRODUCT_NAME]"/><id i="102" s="[gosales].[PRODUCT_NAME_LOOKUP].[PRODUCT_DESCRIPTION]"/><id i="103" s="[gosales].[PRODUCT_TYPE].[PRODUCT_TYPE_CODE]"/><id i="104" s="[gosales].[PRODUCT_TYPE]"/><id i="105" s="[gosales].[PRODUCT_TYPE].[PRODUCT_LINE_CODE]"/><id i="106" s="[gosales].[PRODUCT_TYPE].[PRODUCT_TYPE_EN]"/><id i="107" s="[gosales].[PRODUCT_TYPE].[PRODUCT_TYPE_AR]"/><id i="108" s="[gosales].[PRODUCT_TYPE].[PRODUCT_TYPE_CS]"/><id i="109" s="[gosales].[PRODUCT_TYPE].[PRODUCT_TYPE_DA]"/><id i="110" s="[gosales].[PRODUCT_TYPE].[PRODUCT_TYPE_DE]"/><id i="111" s="[gosales].[PRODUCT_TYPE].[PRODUCT_TYPE_EL]"/><id i="112" s="[gosales].[PRODUCT_TYPE].[PRODUCT_TYPE_ES]"/><id i="113" s="[gosales].[PRODUCT_TYPE].[PRODUCT_TYPE_FI]"/><id i="114" s="[gosales].[PRODUCT_TYPE].[PRODUCT_TYPE_FR]"/><id i="115" s="[gosales].[PRODUCT_TYPE].[PRODUCT_TYPE_HR]"/><id i="116" s="[gosales].[PRODUCT_TYPE].[PRODUCT_TYPE_HU]"/><id i="117" s="[gosales].[PRODUCT_TYPE].[PRODUCT_TYPE_ID]"/><id i="118" s="[gosales].[PRODUCT_TYPE].[PRODUCT_TYPE_IT]"/><id i="119" s="[gosales].[PRODUCT_TYPE].[PRODUCT_TYPE_JA]"/><id i="120" s="[gosales].[PRODUCT_TYPE].[PRODUCT_TYPE_KK]"/><id i="121" s="[gosales].[PRODUCT_TYPE].[PRODUCT_TYPE_KO]"/><id i="122" s="[gosales].[PRODUCT_TYPE].[PRODUCT_TYPE_MS]"/><id i="123" s="[gosales].[PRODUCT_TYPE].[PRODUCT_TYPE_NL]"/><id i="124" s="[gosales].[PRODUCT_TYPE].[PRODUCT_TYPE_NO]"/><id i="125" s="[gosales].[PRODUCT_TYPE].[PRODUCT_TYPE_PL]"/><id i="126" s="[gosales].[PRODUCT_TYPE].[PRODUCT_TYPE_PT]"/><id i="127" s="[gosales].[PRODUCT_TYPE].[PRODUCT_TYPE_RO]"/><id i="128" s="[gosales].[PRODUCT_TYPE].[PRODUCT_TYPE_RU]"/><id i="129" s="[gosales].[PRODUCT_TYPE].[PRODUCT_TYPE_SC]"/><id i="130" s="[gosales].[PRODUCT_TYPE].[PRODUCT_TYPE_SL]"/><id i="131" s="[gosales].[PRODUCT_TYPE].[PRODUCT_TYPE_SV]"/><id i="132" s="[gosales].[PRODUCT_TYPE].[PRODUCT_TYPE_TC]"/><id i="133" s="[gosales].[PRODUCT_TYPE].[PRODUCT_TYPE_TH]"/><id i="134" s="[gosales].[PRODUCT_TYPE].[PRODUCT_TYPE_TR]"/><id i="135" s=""/></map><a seq="0"><id i="0"/><id i="1"/><id i="2"/><id i="3"/><id i="4"/><id i="5"/><id i="6"/><id i="7"/><id i="8"/><id i="9"/><id i="10"/><id i="11"/><id i="12"/><id i="13"/><id i="14"/><id i="15"/><id i="16"/><id i="17"/><id i="18"/><id i="19"/><id i="20"/><id i="21"/><id i="22"/><id i="23"/><id i="24"/><id i="25"/><id i="26"/><id i="27"/><id i="28"/><id i="29"/><id i="30"/><id i="31"/><id i="32"/><id i="33"/><id i="34"/><id i="35"/><id i="36"/><id i="37"/><id i="38"/><id i="39"/><id i="40"/><id i="41"/><id i="42"/><id i="43"/><id i="44"/><id i="45"/><id i="46"/><id i="47"/><id i="48"/><id i="49"/><id i="50"/><id i="51"/><id i="52"/><id i="53"/><id i="54"/><id i="55"/><id i="56"/><id i="57"/><id i="58"/><id i="59"/><id i="60"/><id i="61"/><id i="62"/><id i="63"/><id i="64"/><id i="65"/><id i="66"/><id i="67"/><id i="68"/><id i="69"/><id i="70"/><id i="71"/><id i="72"/><id i="73"/><id i="74"/><id i="75"/><id i="76"/><id i="77"/><id i="78"/><id i="79"/><id i="80"/><id i="81"/><id i="82"/><id i="83"/><id i="84"/><id i="85"/><id i="86"/><id i="87"/><id i="88"/><id i="89"/><id i="90"/><id i="91"/><id i="92"/><id i="93"/><id i="94"/><id i="95"/><id i="96"/><id i="97"/><id i="98"/><id i="99"/><id i="100"/><id i="101"/><id i="102"/><id i="103"/><id i="104"/><id i="105"/><id i="106"/><id i="107"/><id i="108"/><id i="109"/><id i="110"/><id i="111"/><id i="112"/><id i="113"/><id i="114"/><id i="115"/><id i="116"/><id i="117"/><id i="118"/><id i="119"/><id i="120"/><id i="121"/><id i="122"/><id i="123"/><id i="124"/><id i="125"/><id i="126"/><id i="127"/><id i="128"/><id i="129"/><id i="130"/><id i="131"/><id i="132"/><id i="133"/><id i="134"/><id i="135"/></a></t><t seq="0119EA670119EA67"><map><id i="0" s="[].[dataSources].[GOSALES1]"/><id i="1" s="[gosales].[BRANCH].[BRANCH_CODE]"/><id i="2" s="[gosales].[BRANCH].[ADDRESS1]"/><id i="3" s="[gosales].[BRANCH]"/><id i="4" s="[gosales].[COUNTRY]"/><id i="5" s="[GO Operational Model]"/><id i="6" s="[gosales].[SALES_REGION]"/><id i="7" s="[].[dataSources].[dataSource]"/><id i="8" s="[gosales].[EMPLOYEE]"/><id i="9" s="[gosales].[EMPLOYEE_HISTORY]"/><id i="10" s="[gosales].[POSITION_LOOKUP]"/><id i="11" s="[gosales].[BRANCH &lt;--&gt; ORDER_HEADER]"/><id i="12" s="[gosales].[BRANCH &lt;--&gt; EMPLOYEE_HISTORY]"/><id i="13" s="[gosales].[COUNTRY &lt;--&gt; BRANCH]"/><id i="14" s="[gosales].[SALES_REGION &lt;--&gt; COUNTRY]"/><id i="15" s="[gosales].[EMPLOYEE &lt;--&gt; EMPLOYEE_HISTORY]"/><id i="16" s="[gosales].[POSITION_LOOKUP &lt;--&gt; EMPLOYEE_HISTORY]"/><id i="17" s="[gosales].[BRANCH].[ADDRESS1_MB]"/><id i="18" s="[gosales].[BRANCH].[ADDRESS2]"/><id i="19" s="[gosales].[BRANCH].[ADDRESS2_MB]"/><id i="20" s="[gosales].[BRANCH].[CITY]"/><id i="21" s="[gosales].[BRANCH].[CITY_MB]"/><id i="22" s="[gosales].[BRANCH].[PROV_STATE]"/><id i="23" s="[gosales].[BRANCH].[PROV_STATE_MB]"/><id i="24" s="[gosales].[BRANCH].[POSTAL_ZONE]"/><id i="25" s="[gosales].[BRANCH].[COUNTRY_CODE]"/><id i="26" s="[gosales].[BRANCH].[ORGANIZATION_CODE]"/><id i="27" s="[gosales].[BRANCH].[WAREHOUSE_BRANCH_CODE]"/><id i="28" s="[gosales].[COUNTRY].[COUNTRY_CODE]"/><id i="29" s="[gosales].[COUNTRY].[COUNTRY_EN]"/><id i="30" s="[gosales].[COUNTRY].[COUNTRY_NO]"/><id i="31" s="[gosales].[COUNTRY].[COUNTRY_PL]"/><id i="32" s="[gosales].[COUNTRY].[COUNTRY_PT]"/><id i="33" s="[gosales].[COUNTRY].[COUNTRY_RO]"/><id i="34" s="[gosales].[COUNTRY].[COUNTRY_RU]"/><id i="35" s="[gosales].[COUNTRY].[COUNTRY_SC]"/><id i="36" s="[gosales].[COUNTRY].[COUNTRY_SL]"/><id i="37" s="[gosales].[COUNTRY].[COUNTRY_SV]"/><id i="38" s="[gosales].[COUNTRY].[COUNTRY_TC]"/><id i="39" s="[gosales].[COUNTRY].[COUNTRY_TH]"/><id i="40" s="[gosales].[COUNTRY].[COUNTRY_TR]"/><id i="41" s="[gosales].[COUNTRY].[FLAG_IMAGE]"/><id i="42" s="[gosales].[COUNTRY].[SALES_REGION_CODE]"/><id i="43" s="[gosales].[COUNTRY].[ISO_THREE_LETTER_CODE]"/><id i="44" s="[gosales].[COUNTRY].[ISO_TWO_LETTER_CODE]"/><id i="45" s="[gosales].[COUNTRY].[ISO_THREE_DIGIT_CODE]"/><id i="46" s="[gosales].[COUNTRY].[EURO_IN_USE_SINCE]"/><id i="47" s="[gosales].[COUNTRY].[COUNTRY_AR]"/><id i="48" s="[gosales].[COUNTRY].[COUNTRY_CS]"/><id i="49" s="[gosales].[COUNTRY].[COUNTRY_DA]"/><id i="50" s="[gosales].[COUNTRY].[COUNTRY_DE]"/><id i="51" s="[gosales].[COUNTRY].[COUNTRY_EL]"/><id i="52" s="[gosales].[COUNTRY].[COUNTRY_ES]"/><id i="53" s="[gosales].[COUNTRY].[COUNTRY_FI]"/><id i="54" s="[gosales].[COUNTRY].[COUNTRY_FR]"/><id i="55" s="[gosales].[COUNTRY].[COUNTRY_HR]"/><id i="56" s="[gosales].[COUNTRY].[COUNTRY_HU]"/><id i="57" s="[gosales].[COUNTRY].[COUNTRY_ID]"/><id i="58" s="[gosales].[COUNTRY].[COUNTRY_IT]"/><id i="59" s="[gosales].[COUNTRY].[COUNTRY_JA]"/><id i="60" s="[gosales].[COUNTRY].[COUNTRY_KK]"/><id i="61" s="[gosales].[COUNTRY].[COUNTRY_KO]"/><id i="62" s="[gosales].[COUNTRY].[COUNTRY_MS]"/><id i="63" s="[gosales].[COUNTRY].[COUNTRY_NL]"/><id i="64" s="[gosales].[SALES_REGION].[SALES_REGION_CODE]"/><id i="65" s="[gosales].[SALES_REGION].[SALES_REGION_EN]"/><id i="66" s="[gosales].[SALES_REGION].[SALES_REGION_AR]"/><id i="67" s="[gosales].[SALES_REGION].[SALES_REGION_CS]"/><id i="68" s="[gosales].[SALES_REGION].[SALES_REGION_DA]"/><id i="69" s="[gosales].[SALES_REGION].[SALES_REGION_DE]"/><id i="70" s="[gosales].[SALES_REGION].[SALES_REGION_EL]"/><id i="71" s="[gosales].[SALES_REGION].[SALES_REGION_ES]"/><id i="72" s="[gosales].[SALES_REGION].[SALES_REGION_FI]"/><id i="73" s="[gosales].[SALES_REGION].[SALES_REGION_FR]"/><id i="74" s="[gosales].[SALES_REGION].[SALES_REGION_HR]"/><id i="75" s="[gosales].[SALES_REGION].[SALES_REGION_HU]"/><id i="76" s="[gosales].[SALES_REGION].[SALES_REGION_ID]"/><id i="77" s="[gosales].[SALES_REGION].[SALES_REGION_IT]"/><id i="78" s="[gosales].[SALES_REGION].[SALES_REGION_JA]"/><id i="79" s="[gosales].[SALES_REGION].[SALES_REGION_KK]"/><id i="80" s="[gosales].[SALES_REGION].[SALES_REGION_KO]"/><id i="81" s="[gosales].[SALES_REGION].[SALES_REGION_MS]"/><id i="82" s="[gosales].[SALES_REGION].[SALES_REGION_NL]"/><id i="83" s="[gosales].[SALES_REGION].[SALES_REGION_NO]"/><id i="84" s="[gosales].[SALES_REGION].[SALES_REGION_PL]"/><id i="85" s="[gosales].[SALES_REGION].[SALES_REGION_PT]"/><id i="86" s="[gosales].[SALES_REGION].[SALES_REGION_RO]"/><id i="87" s="[gosales].[SALES_REGION].[SALES_REGION_RU]"/><id i="88" s="[gosales].[SALES_REGION].[SALES_REGION_SC]"/><id i="89" s="[gosales].[SALES_REGION].[SALES_REGION_SL]"/><id i="90" s="[gosales].[SALES_REGION].[SALES_REGION_SV]"/><id i="91" s="[gosales].[SALES_REGION].[SALES_REGION_TC]"/><id i="92" s="[gosales].[SALES_REGION].[SALES_REGION_TH]"/><id i="93" s="[gosales].[SALES_REGION].[SALES_REGION_TR]"/><id i="94" s="[gosales].[EMPLOYEE].[EMPLOYEE_CODE]"/><id i="95" s="[gosales].[EMPLOYEE].[FIRST_NAME]"/><id i="96" s="[gosales].[EMPLOYEE].[FIRST_NAME_MB]"/><id i="97" s="[gosales].[EMPLOYEE].[LAST_NAME]"/><id i="98" s="[gosales].[EMPLOYEE].[LAST_NAME_MB]"/><id i="99" s="[gosales].[EMPLOYEE].[DATE_HIRED]"/><id i="100" s="[gosales].[EMPLOYEE].[TERMINATION_DATE]"/><id i="101" s="[gosales].[EMPLOYEE].[TERMINATION_CODE]"/><id i="102" s="[gosales].[EMPLOYEE].[BIRTH_DATE]"/><id i="103" s="[gosales].[EMPLOYEE].[GENDER_CODE]"/><id i="104" s="[gosales].[EMPLOYEE].[WORK_PHONE]"/><id i="105" s="[gosales].[EMPLOYEE].[EXTENSION]"/><id i="106" s="[gosales].[EMPLOYEE].[FAX]"/><id i="107" s="[gosales].[EMPLOYEE].[EMAIL]"/><id i="108" s="[gosales].[EMPLOYEE_HISTORY].[EMPLOYEE_HISTORY_CODE]"/><id i="109" s="[gosales].[EMPLOYEE_HISTORY].[EMPLOYEE_HISTORY_PARENT]"/><id i="110" s="[gosales].[EMPLOYEE_HISTORY].[EMPLOYEE_CODE]"/><id i="111" s="[gosales].[EMPLOYEE_HISTORY].[RECORD_START_DATE]"/><id i="112" s="[gosales].[EMPLOYEE_HISTORY].[RECORD_END_DATE]"/><id i="113" s="[gosales].[EMPLOYEE_HISTORY].[POSITION_CODE]"/><id i="114" s="[gosales].[EMPLOYEE_HISTORY].[POSITION_START_DATE]"/><id i="115" s="[gosales].[EMPLOYEE_HISTORY].[MANAGER_CODE]"/><id i="116" s="[gosales].[EMPLOYEE_HISTORY].[MANAGER]"/><id i="117" s="[gosales].[EMPLOYEE_HISTORY].[MANAGER_MB]"/><id i="118" s="[gosales].[EMPLOYEE_HISTORY].[BRANCH_CODE]"/><id i="119" s="[gosales].[EMPLOYEE_HISTORY].[ORGANIZATION_CODE]"/><id i="120" s="[gosales].[POSITION_LOOKUP].[POSITION_CODE]"/><id i="121" s="[gosales].[POSITION_LOOKUP].[POSITION_EN]"/><id i="122" s="[gosales].[POSITION_LOOKUP].[POSITION_DE]"/><id i="123" s="[gosales].[POSITION_LOOKUP].[POSITION_FR]"/><id i="124" s="[gosales].[POSITION_LOOKUP].[POSITION_JA]"/><id i="125" s="[gosales].[POSITION_LOOKUP].[POSITION_AR]"/><id i="126" s="[gosales].[POSITION_LOOKUP].[POSITION_CS]"/><id i="127" s="[gosales].[POSITION_LOOKUP].[POSITION_DA]"/><id i="128" s="[gosales].[POSITION_LOOKUP].[POSITION_EL]"/><id i="129" s="[gosales].[POSITION_LOOKUP].[POSITION_ES]"/><id i="130" s="[gosales].[POSITION_LOOKUP].[POSITION_FI]"/><id i="131" s="[gosales].[POSITION_LOOKUP].[POSITION_HR]"/><id i="132" s="[gosales].[POSITION_LOOKUP].[POSITION_HU]"/><id i="133" s="[gosales].[POSITION_LOOKUP].[POSITION_ID]"/><id i="134" s="[gosales].[POSITION_LOOKUP].[POSITION_IT]"/><id i="135" s="[gosales].[POSITION_LOOKUP].[POSITION_KK]"/><id i="136" s="[gosales].[POSITION_LOOKUP].[POSITION_KO]"/><id i="137" s="[gosales].[POSITION_LOOKUP].[POSITION_MS]"/><id i="138" s="[gosales].[POSITION_LOOKUP].[POSITION_NL]"/><id i="139" s="[gosales].[POSITION_LOOKUP].[POSITION_NO]"/><id i="140" s="[gosales].[POSITION_LOOKUP].[POSITION_PL]"/><id i="141" s="[gosales].[POSITION_LOOKUP].[POSITION_PT]"/><id i="142" s="[gosales].[POSITION_LOOKUP].[POSITION_RO]"/><id i="143" s="[gosales].[POSITION_LOOKUP].[POSITION_RU]"/><id i="144" s="[gosales].[POSITION_LOOKUP].[POSITION_SC]"/><id i="145" s="[gosales].[POSITION_LOOKUP].[POSITION_SL]"/><id i="146" s="[gosales].[POSITION_LOOKUP].[POSITION_SV]"/><id i="147" s="[gosales].[POSITION_LOOKUP].[POSITION_TC]"/><id i="148" s="[gosales].[POSITION_LOOKUP].[POSITION_TH]"/><id i="149" s="[gosales].[POSITION_LOOKUP].[POSITION_TR]"/></map><a seq="0"><id i="0"/><id i="1"/><id i="2"/><id i="3"/><id i="4"/><id i="5"/><id i="6"/><id i="7"/><id i="8"/><id i="9"/><id i="10"/><id i="11"/><id i="12"/><id i="13"/><id i="14"/><id i="15"/><id i="16"/><id i="17"/><id i="18"/><id i="19"/><id i="20"/><id i="21"/><id i="22"/><id i="23"/><id i="24"/><id i="25"/><id i="26"/><id i="27"/><id i="28"/><id i="29"/><id i="30"/><id i="31"/><id i="32"/><id i="33"/><id i="34"/><id i="35"/><id i="36"/><id i="37"/><id i="38"/><id i="39"/><id i="40"/><id i="41"/><id i="42"/><id i="43"/><id i="44"/><id i="45"/><id i="46"/><id i="47"/><id i="48"/><id i="49"/><id i="50"/><id i="51"/><id i="52"/><id i="53"/><id i="54"/><id i="55"/><id i="56"/><id i="57"/><id i="58"/><id i="59"/><id i="60"/><id i="61"/><id i="62"/><id i="63"/><id i="64"/><id i="65"/><id i="66"/><id i="67"/><id i="68"/><id i="69"/><id i="70"/><id i="71"/><id i="72"/><id i="73"/><id i="74"/><id i="75"/><id i="76"/><id i="77"/><id i="78"/><id i="79"/><id i="80"/><id i="81"/><id i="82"/><id i="83"/><id i="84"/><id i="85"/><id i="86"/><id i="87"/><id i="88"/><id i="89"/><id i="90"/><id i="91"/><id i="92"/><id i="93"/><id i="94"/><id i="95"/><id i="96"/><id i="97"/><id i="98"/><id i="99"/><id i="100"/><id i="101"/><id i="102"/><id i="103"/><id i="104"/><id i="105"/><id i="106"/><id i="107"/><id i="108"/><id i="109"/><id i="110"/><id i="111"/><id i="112"/><id i="113"/><id i="114"/><id i="115"/><id i="116"/><id i="117"/><id i="118"/><id i="119"/><id i="120"/><id i="121"/><id i="122"/><id i="123"/><id i="124"/><id i="125"/><id i="126"/><id i="127"/><id i="128"/><id i="129"/><id i="130"/><id i="131"/><id i="132"/><id i="133"/><id i="134"/><id i="135"/><id i="136"/><id i="137"/><id i="138"/><id i="139"/><id i="140"/><id i="141"/><id i="142"/><id i="143"/><id i="144"/><id i="145"/><id i="146"/><id i="147"/><id i="148"/><id i="149"/></a></t><t seq="265FBB69265FBB69"><map><id i="0" s="[GO Operational Model]"/><id i="1" s="[].[dataSources].[dataSource]"/><id i="2" s="[].[dataSources].[GOSALES2]"/><id i="3" s="[gosales].[RETAILER]"/><id i="4" s="[gosales].[RETAILER_SITE]"/><id i="5" s="[gosales].[RETAILER_TYPE]"/><id i="6" s="[gosales].[RETAILER &lt;--&gt; RETAILER_SITE]"/><id i="7" s="[gosales].[RETAILER_TYPE &lt;--&gt; RETAILER]"/><id i="8" s="[gosales].[RETAILER_SITE &lt;--&gt; ORDER_HEADER]"/><id i="9" s="[gosales].[COUNTRY &lt;--&gt; RETAILER_SITE]"/><id i="10" s="[gosales].[RETAILER].[RETAILER_CODE]"/><id i="11" s="[gosales].[RETAILER].[COMPANY_NAME]"/><id i="12" s="[gosales].[RETAILER].[COMPANY_NAME_MB]"/><id i="13" s="[gosales].[RETAILER].[RETAILER_TYPE_CODE]"/><id i="14" s="[gosales].[RETAILER].[RETAILER_START_DATE]"/><id i="15" s="[gosales].[RETAILER_SITE].[RETAILER_SITE_CODE]"/><id i="16" s="[gosales].[RETAILER_SITE].[RETAILER_CODE]"/><id i="17" s="[gosales].[RETAILER_SITE].[RTL_ADDRESS1]"/><id i="18" s="[gosales].[RETAILER_SITE].[RTL_ADDRESS2]"/><id i="19" s="[gosales].[RETAILER_SITE].[RTL_CITY]"/><id i="20" s="[gosales].[RETAILER_SITE].[RTL_PROV_STATE]"/><id i="21" s="[gosales].[RETAILER_SITE].[RTL_POSTAL_ZONE]"/><id i="22" s="[gosales].[RETAILER_SITE].[RTL_COUNTRY_CODE]"/><id i="23" s="[gosales].[RETAILER_SITE].[RTL_ACTIVITY_STATUS_CODE]"/><id i="24" s="[gosales].[RETAILER_SITE].[RETAILER_SITE_START_DATE]"/><id i="25" s="[gosales].[RETAILER_TYPE].[RETAILER_TYPE_CODE]"/><id i="26" s="[gosales].[RETAILER_TYPE].[TYPE_NAME_EN]"/><id i="27" s="[gosales].[RETAILER_TYPE].[TYPE_NAME_AR]"/><id i="28" s="[gosales].[RETAILER_TYPE].[TYPE_NAME_CS]"/><id i="29" s="[gosales].[RETAILER_TYPE].[TYPE_NAME_DA]"/><id i="30" s="[gosales].[RETAILER_TYPE].[TYPE_NAME_DE]"/><id i="31" s="[gosales].[RETAILER_TYPE].[TYPE_NAME_EL]"/><id i="32" s="[gosales].[RETAILER_TYPE].[TYPE_NAME_ES]"/><id i="33" s="[gosales].[RETAILER_TYPE].[TYPE_NAME_FI]"/><id i="34" s="[gosales].[RETAILER_TYPE].[TYPE_NAME_FR]"/><id i="35" s="[gosales].[RETAILER_TYPE].[TYPE_NAME_HR]"/><id i="36" s="[gosales].[RETAILER_TYPE].[TYPE_NAME_HU]"/><id i="37" s="[gosales].[RETAILER_TYPE].[TYPE_NAME_ID]"/><id i="38" s="[gosales].[RETAILER_TYPE].[TYPE_NAME_IT]"/><id i="39" s="[gosales].[RETAILER_TYPE].[TYPE_NAME_JA]"/><id i="40" s="[gosales].[RETAILER_TYPE].[TYPE_NAME_KK]"/><id i="41" s="[gosales].[RETAILER_TYPE].[TYPE_NAME_KO]"/><id i="42" s="[gosales].[RETAILER_TYPE].[TYPE_NAME_MS]"/><id i="43" s="[gosales].[RETAILER_TYPE].[TYPE_NAME_NL]"/><id i="44" s="[gosales].[RETAILER_TYPE].[TYPE_NAME_NO]"/><id i="45" s="[gosales].[RETAILER_TYPE].[TYPE_NAME_PL]"/><id i="46" s="[gosales].[RETAILER_TYPE].[TYPE_NAME_PT]"/><id i="47" s="[gosales].[RETAILER_TYPE].[TYPE_NAME_RO]"/><id i="48" s="[gosales].[RETAILER_TYPE].[TYPE_NAME_RU]"/><id i="49" s="[gosales].[RETAILER_TYPE].[TYPE_NAME_SC]"/><id i="50" s="[gosales].[RETAILER_TYPE].[TYPE_NAME_SL]"/><id i="51" s="[gosales].[RETAILER_TYPE].[TYPE_NAME_SV]"/><id i="52" s="[gosales].[RETAILER_TYPE].[TYPE_NAME_TC]"/><id i="53" s="[gosales].[RETAILER_TYPE].[TYPE_NAME_TH]"/><id i="54" s="[gosales].[RETAILER_TYPE].[TYPE_NAME_TR]"/></map><a seq="0"><id i="0"/><id i="1"/><id i="2"/><id i="3"/><id i="4"/><id i="5"/><id i="6"/><id i="7"/><id i="8"/><id i="9"/><id i="10"/><id i="11"/><id i="12"/><id i="13"/><id i="14"/><id i="15"/><id i="16"/><id i="17"/><id i="18"/><id i="19"/><id i="20"/><id i="21"/><id i="22"/><id i="23"/><id i="24"/><id i="25"/><id i="26"/><id i="27"/><id i="28"/><id i="29"/><id i="30"/><id i="31"/><id i="32"/><id i="33"/><id i="34"/><id i="35"/><id i="36"/><id i="37"/><id i="38"/><id i="39"/><id i="40"/><id i="41"/><id i="42"/><id i="43"/><id i="44"/><id i="45"/><id i="46"/><id i="47"/><id i="48"/><id i="49"/><id i="50"/><id i="51"/><id i="52"/><id i="53"/><id i="54"/></a></t><t seq="D3CD6B51D3CD6B51"><map></map></t><t seq="D3CD6B51D3CD6B51"><map></map></t><t seq="D9C3539DD9C3539D"><map><id i="0" s="[GO Operational Model].[relationship]"/><id i="1" s="[GO Operational Model].[New Relationship]"/><id i="2" s="[GO Operational Model]"/><id i="3" s="[gosales].[New Relationship]"/><id i="4" s="[gosales].[EMPLOYEE &lt;--&gt; ORDER_HEADER]"/></map><a seq="0"><id i="0"/><id i="1"/></a><a seq="1"></a><a seq="2"></a><a seq="3"></a><a seq="4"><id i="2"/><id i="3"/></a><a seq="5"></a><a seq="6"></a><a seq="7"><id i="4"/></a><a seq="8"></a></t><t seq="8EEB80898EEB8089"><map><id i="0" s="[gosales].[EMPLOYEE &lt;--&gt; ORDER_HEADER]"/></map><a seq="0"><id i="0"/></a></t></idlog>