<?xml version="1.0" encoding="UTF-8" ?>
<bmtactionlog project="C:\Edcognos\B5A52\Course_Project\GO Operational\log.xml" timestamp="20141002171350274" user="Student" version="10.2.6100.67"><transaction event="StartLog" saved="true" seq="1" timestamp="20141002171332930" uniqueId="57053FF657053FF6" user="Student"/><transaction event="StartSession" saved="true" seq="2" timestamp="20141002171332946" uniqueId="57053FF657053FF6" user="Student"/><transaction saved="true" seq="3" timestamp="20141002171350242" uniqueId="D8177E5ED8177E5E"><action seq="1" type="SetDefaultLocale"><inputparams><param seq="1" type="i18nstring"><value>en</value></param></inputparams><domchanges/><result success="t"><outputparams/></result></action></transaction><transaction saved="true" seq="4" timestamp="20141002171350242" uniqueId="411E2FE4411E2FE4"><action seq="1" type="SetActiveLocale"><inputparams><param seq="1" type="i18nstring"><value>en</value></param></inputparams><domchanges/><result success="t"><outputparams/></result></action></transaction><transaction event="Save" saved="true" seq="5" timestamp="20141002171350274" uniqueId="2021CC2E2021CC2E" user="Student"/><transaction saved="true" seq="6" timestamp="20141002171350289" uniqueId="EEFEDA88EEFEDA88"><action seq="1" type="Modify"><inputparams><param seq="1" type="handle"><mappingpath>project/name</mappingpath><value>/O/name[0]/O/[]</value></param><param seq="2" type="i18nstring"><value>GO Operational</value></param></inputparams><domchanges/><result success="t"><outputparams/></result></action></transaction><transaction saved="true" seq="7" timestamp="20141002171350336" uniqueId="78C4039278C40392"><action seq="1" type="Modify"><inputparams><param seq="1" type="handle"><mappingpath>namespace/name</mappingpath><value>/O/name[0]/O/[Model]</value></param><param seq="2" type="i18nstring"><value>Model</value></param></inputparams><domchanges/><result success="t"><outputparams/></result></action></transaction><transaction saved="true" seq="8" timestamp="20141002171507789" uniqueId="364512DA364512DA"><action seq="1" type="Modify"><inputparams><param seq="1" type="handle"><mappingpath>namespace/name</mappingpath><value>/O/name[0]/O/[Model]</value></param><param seq="2" type="i18nstring"><value>GO Operational Model</value></param></inputparams><domchanges/><result success="t"><outputparams/></result></action></transaction><transaction saved="true" seq="9" timestamp="20141003135251413" uniqueId="D0C3C77DD0C3C77D"><action seq="1" type="Create"><inputparams><param seq="1" type="integer"><value>19</value></param><param seq="2" type="handle"><mappingpath>namespace</mappingpath><value>[GO Operational Model]</value></param><param seq="3" type="i18nstring"><value>New Namespace</value></param><param seq="4" type="integer"><value>1</value></param></inputparams><domchanges/><result success="t"><outputparams/></result></action></transaction><transaction saved="true" seq="10" timestamp="20141003135325679" uniqueId="6764028767640287"><action seq="1" type="Modify"><inputparams><param seq="1" type="handle"><mappingpath>namespace/name</mappingpath><value>/O/name[0]/O/[New Namespace]</value></param><param seq="2" type="i18nstring"><value>Foundation Objects View</value></param></inputparams><domchanges/><result success="t"><outputparams/></result></action></transaction><transaction saved="true" seq="11" timestamp="20141003135919522" uniqueId="9E544ACD9E544ACD"><action seq="1" type="Create"><inputparams><param seq="1" type="integer"><value>19</value></param><param seq="2" type="handle"><mappingpath>namespace</mappingpath><value>[Foundation Objects View]</value></param><param seq="3" type="i18nstring"><value>New Namespace</value></param><param seq="4" type="integer"><value>1</value></param></inputparams><domchanges/><result success="t"><outputparams/></result></action></transaction><transaction saved="true" seq="12" timestamp="20141003135929507" uniqueId="74796AA674796AA6"><action seq="1" type="Modify"><inputparams><param seq="1" type="handle"><mappingpath>namespace/name</mappingpath><value>/O/name[0]/O/[New Namespace]</value></param><param seq="2" type="i18nstring"><value>gosales</value></param></inputparams><domchanges/><result success="t"><outputparams/></result></action></transaction><transaction saved="true" seq="13" timestamp="20141003141559659" uniqueId="CDAFCDD6CDAFCDD6"><action seq="1" type="DBImport"><inputparams><param seq="1" type="handle"><mappingpath>namespace</mappingpath><value>[gosales]</value></param><param seq="2" type="cclnode"><value><![CDATA[<item Name="GOSALES" Type="database" Value="partial" dbType="D2" description="" isSystem="false" screenTip=""><item Name="GOSALES" Type="schema" Value="partial"><item Name="Tables" Type="tables" Value="partial"><item Name="BRANCH" Type="table" Value="false"/><item Name="CONVERSION_RATE" Type="table" Value="false"/><item Name="COUNTRY" Type="table" Value="false"/><item Name="CURRENCY_LOOKUP" Type="table" Value="false"/><item Name="EURO_CONVERSION" Type="table" Value="false"/><item Name="INVENTORY_LEVELS" Type="table" Value="false"/><item Name="ORDER_DETAILS" Type="table" Value="true"/><item Name="ORDER_HEADER" Type="table" Value="true"/><item Name="ORDER_METHOD" Type="table" Value="true"/><item Name="PRODUCT" Type="table" Value="true"/><item Name="PRODUCT_BRAND" Type="table" Value="false"/><item Name="PRODUCT_COLOR_LOOKUP" Type="table" Value="false"/><item Name="PRODUCT_FORECAST" Type="table" Value="false"/><item Name="PRODUCT_LINE" Type="table" Value="true"/><item Name="PRODUCT_NAME_LOOKUP" Type="table" Value="true"/><item Name="PRODUCT_SIZE_LOOKUP" Type="table" Value="false"/><item Name="PRODUCT_TYPE" Type="table" Value="true"/><item Name="RETURNED_ITEM" Type="table" Value="false"/><item Name="RETURN_REASON" Type="table" Value="false"/><item Name="SALES_REGION" Type="table" Value="false"/><item Name="SALES_TARGET" Type="table" Value="false"/><item Name="TIME_DIMENSION" Type="table" Value="false"/><item Name="TIME_QUARTER_LOOKUP" Type="table" Value="false"/><item Name="XGOREV" Type="table" Value="false"/></item><item Name="Views" Type="views" Value="false"/><item Name="Synonyms" Type="synonyms" Value="false"/><item Name="Procedures" Type="procedures" Value="false"/><item Name="Functions" Type="functions" Value="false"/><item Name="System Objects" Type="sysObjects" Value="false"/></item><item Name="GOSALESDW" Type="schema" Value="false"/><item Name="GOSALESHR" Type="schema" Value="false"/><item Name="GOSALESMR" Type="schema" Value="false"/><item Name="GOSALESRT" Type="schema" Value="false"/><item Name="SQLJ" Type="schema" Value="false"/></item>]]></value></param><param seq="3" type="integer"><value>0</value></param><param seq="4" type="integer"><value>1</value></param><param seq="5" type="integer"><value>1</value></param><param seq="6" type="integer"><value>0</value></param><param seq="7" type="integer"><value>0</value></param><param seq="8" type="integer"><value>0</value></param><param seq="9" type="integer"><value>0</value></param><param seq="10" type="integer"><value>1</value></param><param seq="11" type="integer"><value>0</value></param><param seq="12" type="integer"><value>0</value></param></inputparams><domchanges/><result success="t"><outputparams/></result></action><action seq="2" type="DBRelease"><inputparams/><domchanges/><result success="t"><outputparams/></result></action></transaction><transaction saved="true" seq="14" timestamp="20141003142115690" uniqueId="28860A1528860A15"><action seq="1" type="Modify"><inputparams><param seq="1" type="handle"><mappingpath>dataSource/queryProcessing</mappingpath><value>/O/queryProcessing[0]/O/[].[dataSources].[GOSALES]</value></param><param seq="2" type="i18nstring"><value>limitedLocal</value></param></inputparams><domchanges/><result success="t"><outputparams/></result></action></transaction><transaction saved="true" seq="15" timestamp="20141006140549578" uniqueId="E108D868E108D868"><action seq="1" type="ResetPromptValues"><inputparams><param seq="1" type="integer"><value>1</value></param></inputparams><domchanges/><result success="t"><outputparams/></result></action><action seq="2" type="ResetPromptValues"><inputparams><param seq="1" type="integer"><value>1</value></param></inputparams><domchanges/><result success="t"><outputparams/></result></action><action seq="3" type="ResetPromptValues"><inputparams><param seq="1" type="integer"><value>1</value></param></inputparams><domchanges/><result success="t"><outputparams/></result></action><action seq="4" type="ResetPromptValues"><inputparams><param seq="1" type="integer"><value>1</value></param></inputparams><domchanges/><result success="t"><outputparams/></result></action></transaction><transaction saved="true" seq="16" timestamp="20141006141228093" uniqueId="E95965B5E95965B5"><action seq="1" type="Create"><inputparams><param seq="1" type="integer"><value>15</value></param><param seq="2" type="handle"><mappingpath>parameterMap/[@hidden=true]</mappingpath><value>[].[parameterMaps].[_governor]</value></param><param seq="3" type="i18nstring"><value>maxTablesPerQuery</value></param><param seq="4" type="integer"><value>0</value></param></inputparams><domchanges/><result success="t"><outputparams/></result></action><action seq="2" type="Modify"><inputparams><param seq="1" type="handle"><mappingpath>parameterMapEntry/value</mappingpath><value>/O/value[0]/O/[].[parameterMaps].[_governor].[maxTablesPerQuery]</value></param><param seq="2" type="i18nstring"><value>0</value></param></inputparams><domchanges/><result success="t"><outputparams/></result></action><action seq="3" type="Create"><inputparams><param seq="1" type="integer"><value>15</value></param><param seq="2" type="handle"><mappingpath>parameterMap/[@hidden=true]</mappingpath><value>[].[parameterMaps].[_governor]</value></param><param seq="3" type="i18nstring"><value>maxRowsRetrieved</value></param><param seq="4" type="integer"><value>0</value></param></inputparams><domchanges/><result success="t"><outputparams/></result></action><action seq="4" type="Modify"><inputparams><param seq="1" type="handle"><mappingpath>parameterMapEntry/value</mappingpath><value>/O/value[0]/O/[].[parameterMaps].[_governor].[maxRowsRetrieved]</value></param><param seq="2" type="i18nstring"><value>0</value></param></inputparams><domchanges/><result success="t"><outputparams/></result></action><action seq="5" type="Create"><inputparams><param seq="1" type="integer"><value>15</value></param><param seq="2" type="handle"><mappingpath>parameterMap/[@hidden=true]</mappingpath><value>[].[parameterMaps].[_governor]</value></param><param seq="3" type="i18nstring"><value>maxQueryExecutionTime</value></param><param seq="4" type="integer"><value>0</value></param></inputparams><domchanges/><result success="t"><outputparams/></result></action><action seq="6" type="Modify"><inputparams><param seq="1" type="handle"><mappingpath>parameterMapEntry/value</mappingpath><value>/O/value[0]/O/[].[parameterMaps].[_governor].[maxQueryExecutionTime]</value></param><param seq="2" type="i18nstring"><value>0</value></param></inputparams><domchanges/><result success="t"><outputparams/></result></action><action seq="7" type="Create"><inputparams><param seq="1" type="integer"><value>15</value></param><param seq="2" type="handle"><mappingpath>parameterMap/[@hidden=true]</mappingpath><value>[].[parameterMaps].[_governor]</value></param><param seq="3" type="i18nstring"><value>maxTextBlobCharacters</value></param><param seq="4" type="integer"><value>0</value></param></inputparams><domchanges/><result success="t"><outputparams/></result></action><action seq="8" type="Modify"><inputparams><param seq="1" type="handle"><mappingpath>parameterMapEntry/value</mappingpath><value>/O/value[0]/O/[].[parameterMaps].[_governor].[maxTextBlobCharacters]</value></param><param seq="2" type="i18nstring"><value>0</value></param></inputparams><domchanges/><result success="t"><outputparams/></result></action><action seq="9" type="Create"><inputparams><param seq="1" type="integer"><value>15</value></param><param seq="2" type="handle"><mappingpath>parameterMap/[@hidden=true]</mappingpath><value>[].[parameterMaps].[_governor]</value></param><param seq="3" type="i18nstring"><value>useMetadataCallback</value></param><param seq="4" type="integer"><value>0</value></param></inputparams><domchanges/><result success="t"><outputparams/></result></action><action seq="10" type="Modify"><inputparams><param seq="1" type="handle"><mappingpath>parameterMapEntry/value</mappingpath><value>/O/value[0]/O/[].[parameterMaps].[_governor].[useMetadataCallback]</value></param><param seq="2" type="i18nstring"><value>true</value></param></inputparams><domchanges/><result success="t"><outputparams/></result></action><action seq="11" type="Create"><inputparams><param seq="1" type="integer"><value>15</value></param><param seq="2" type="handle"><mappingpath>parameterMap/[@hidden=true]</mappingpath><value>[].[parameterMaps].[_governor]</value></param><param seq="3" type="i18nstring"><value>localCache</value></param><param seq="4" type="integer"><value>0</value></param></inputparams><domchanges/><result success="t"><outputparams/></result></action><action seq="12" type="Modify"><inputparams><param seq="1" type="handle"><mappingpath>parameterMapEntry/value</mappingpath><value>/O/value[0]/O/[].[parameterMaps].[_governor].[localCache]</value></param><param seq="2" type="i18nstring"><value>true</value></param></inputparams><domchanges/><result success="t"><outputparams/></result></action><action seq="13" type="Create"><inputparams><param seq="1" type="integer"><value>15</value></param><param seq="2" type="handle"><mappingpath>parameterMap/[@hidden=true]</mappingpath><value>[].[parameterMaps].[_governor]</value></param><param seq="3" type="i18nstring"><value>dynamicDimensionInfo</value></param><param seq="4" type="integer"><value>0</value></param></inputparams><domchanges/><result success="t"><outputparams/></result></action><action seq="14" type="Modify"><inputparams><param seq="1" type="handle"><mappingpath>parameterMapEntry/value</mappingpath><value>/O/value[0]/O/[].[parameterMaps].[_governor].[dynamicDimensionInfo]</value></param><param seq="2" type="i18nstring"><value>false</value></param></inputparams><domchanges/><result success="t"><outputparams/></result></action><action seq="15" type="Create"><inputparams><param seq="1" type="integer"><value>15</value></param><param seq="2" type="handle"><mappingpath>parameterMap/[@hidden=true]</mappingpath><value>[].[parameterMaps].[_governor]</value></param><param seq="3" type="i18nstring"><value>useSQLWithClause</value></param><param seq="4" type="integer"><value>0</value></param></inputparams><domchanges/><result success="t"><outputparams/></result></action><action seq="16" type="Modify"><inputparams><param seq="1" type="handle"><mappingpath>parameterMapEntry/value</mappingpath><value>/O/value[0]/O/[].[parameterMaps].[_governor].[useSQLWithClause]</value></param><param seq="2" type="i18nstring"><value>false</value></param></inputparams><domchanges/><result success="t"><outputparams/></result></action><action seq="17" type="Create"><inputparams><param seq="1" type="integer"><value>15</value></param><param seq="2" type="handle"><mappingpath>parameterMap/[@hidden=true]</mappingpath><value>[].[parameterMaps].[_governor]</value></param><param seq="3" type="i18nstring"><value>suppress</value></param><param seq="4" type="integer"><value>0</value></param></inputparams><domchanges/><result success="t"><outputparams/></result></action><action seq="18" type="Modify"><inputparams><param seq="1" type="handle"><mappingpath>parameterMapEntry/value</mappingpath><value>/O/value[0]/O/[].[parameterMaps].[_governor].[suppress]</value></param><param seq="2" type="i18nstring"><value>nulls</value></param></inputparams><domchanges/><result success="t"><outputparams/></result></action><action seq="19" type="Create"><inputparams><param seq="1" type="integer"><value>15</value></param><param seq="2" type="handle"><mappingpath>parameterMap/[@hidden=true]</mappingpath><value>[].[parameterMaps].[_governor]</value></param><param seq="3" type="i18nstring"><value>processAllModelWhenPublishing</value></param><param seq="4" type="integer"><value>0</value></param></inputparams><domchanges/><result success="t"><outputparams/></result></action><action seq="20" type="Modify"><inputparams><param seq="1" type="handle"><mappingpath>parameterMapEntry/value</mappingpath><value>/O/value[0]/O/[].[parameterMaps].[_governor].[processAllModelWhenPublishing]</value></param><param seq="2" type="i18nstring"><value>false</value></param></inputparams><domchanges/><result success="t"><outputparams/></result></action><action seq="21" type="Create"><inputparams><param seq="1" type="integer"><value>15</value></param><param seq="2" type="handle"><mappingpath>parameterMap/[@hidden=true]</mappingpath><value>[].[parameterMaps].[_governor]</value></param><param seq="3" type="i18nstring"><value>maxPersonalDataSources</value></param><param seq="4" type="integer"><value>0</value></param></inputparams><domchanges/><result success="t"><outputparams/></result></action><action seq="22" type="Modify"><inputparams><param seq="1" type="handle"><mappingpath>parameterMapEntry/value</mappingpath><value>/O/value[0]/O/[].[parameterMaps].[_governor].[maxPersonalDataSources]</value></param><param seq="2" type="i18nstring"><value>1</value></param></inputparams><domchanges/><result success="t"><outputparams/></result></action><action seq="23" type="Create"><inputparams><param seq="1" type="integer"><value>15</value></param><param seq="2" type="handle"><mappingpath>parameterMap/[@hidden=true]</mappingpath><value>[].[parameterMaps].[_governor]</value></param><param seq="3" type="i18nstring"><value>maxPersonalDataFileSize</value></param><param seq="4" type="integer"><value>0</value></param></inputparams><domchanges/><result success="t"><outputparams/></result></action><action seq="24" type="Modify"><inputparams><param seq="1" type="handle"><mappingpath>parameterMapEntry/value</mappingpath><value>/O/value[0]/O/[].[parameterMaps].[_governor].[maxPersonalDataFileSize]</value></param><param seq="2" type="i18nstring"><value>2500</value></param></inputparams><domchanges/><result success="t"><outputparams/></result></action><action seq="25" type="Create"><inputparams><param seq="1" type="integer"><value>15</value></param><param seq="2" type="handle"><mappingpath>parameterMap/[@hidden=true]</mappingpath><value>[].[parameterMaps].[_governor]</value></param><param seq="3" type="i18nstring"><value>maxPersonalDataRowCount</value></param><param seq="4" type="integer"><value>0</value></param></inputparams><domchanges/><result success="t"><outputparams/></result></action><action seq="26" type="Modify"><inputparams><param seq="1" type="handle"><mappingpath>parameterMapEntry/value</mappingpath><value>/O/value[0]/O/[].[parameterMaps].[_governor].[maxPersonalDataRowCount]</value></param><param seq="2" type="i18nstring"><value>1000</value></param></inputparams><domchanges/><result success="t"><outputparams/></result></action><action seq="27" type="Create"><inputparams><param seq="1" type="integer"><value>15</value></param><param seq="2" type="handle"><mappingpath>parameterMap/[@hidden=true]</mappingpath><value>[].[parameterMaps].[_governor]</value></param><param seq="3" type="i18nstring"><value>cachePolicyConnectionCommandBlocks</value></param><param seq="4" type="integer"><value>0</value></param></inputparams><domchanges/><result success="t"><outputparams/></result></action><action seq="28" type="Modify"><inputparams><param seq="1" type="handle"><mappingpath>parameterMapEntry/value</mappingpath><value>/O/value[0]/O/[].[parameterMaps].[_governor].[cachePolicyConnectionCommandBlocks]</value></param><param seq="2" type="i18nstring"><value>true</value></param></inputparams><domchanges/><result success="t"><outputparams/></result></action><action seq="29" type="Create"><inputparams><param seq="1" type="integer"><value>15</value></param><param seq="2" type="handle"><mappingpath>parameterMap/[@hidden=true]</mappingpath><value>[].[parameterMaps].[_governor]</value></param><param seq="3" type="i18nstring"><value>outerJoinAllowed</value></param><param seq="4" type="integer"><value>0</value></param></inputparams><domchanges/><result success="t"><outputparams/></result></action><action seq="30" type="Modify"><inputparams><param seq="1" type="handle"><mappingpath>parameterMapEntry/value</mappingpath><value>/O/value[0]/O/[].[parameterMaps].[_governor].[outerJoinAllowed]</value></param><param seq="2" type="i18nstring"><value>0</value></param></inputparams><domchanges/><result success="t"><outputparams/></result></action><action seq="31" type="Create"><inputparams><param seq="1" type="integer"><value>15</value></param><param seq="2" type="handle"><mappingpath>parameterMap/[@hidden=true]</mappingpath><value>[].[parameterMaps].[_governor]</value></param><param seq="3" type="i18nstring"><value>crossProductAllowed</value></param><param seq="4" type="integer"><value>0</value></param></inputparams><domchanges/><result success="t"><outputparams/></result></action><action seq="32" type="Modify"><inputparams><param seq="1" type="handle"><mappingpath>parameterMapEntry/value</mappingpath><value>/O/value[0]/O/[].[parameterMaps].[_governor].[crossProductAllowed]</value></param><param seq="2" type="i18nstring"><value>2</value></param></inputparams><domchanges/><result success="t"><outputparams/></result></action><action seq="33" type="Create"><inputparams><param seq="1" type="integer"><value>15</value></param><param seq="2" type="handle"><mappingpath>parameterMap/[@hidden=true]</mappingpath><value>[].[parameterMaps].[_governor]</value></param><param seq="3" type="i18nstring"><value>shortcutProcessing</value></param><param seq="4" type="integer"><value>0</value></param></inputparams><domchanges/><result success="t"><outputparams/></result></action><action seq="34" type="Modify"><inputparams><param seq="1" type="handle"><mappingpath>parameterMapEntry/value</mappingpath><value>/O/value[0]/O/[].[parameterMaps].[_governor].[shortcutProcessing]</value></param><param seq="2" type="i18nstring"><value>explicit</value></param></inputparams><domchanges/><result success="t"><outputparams/></result></action><action seq="35" type="Create"><inputparams><param seq="1" type="integer"><value>15</value></param><param seq="2" type="handle"><mappingpath>parameterMap/[@hidden=true]</mappingpath><value>[].[parameterMaps].[_governor]</value></param><param seq="3" type="i18nstring"><value>useSQLJoinSyntax</value></param><param seq="4" type="integer"><value>0</value></param></inputparams><domchanges/><result success="t"><outputparams/></result></action><action seq="36" type="Modify"><inputparams><param seq="1" type="handle"><mappingpath>parameterMapEntry/value</mappingpath><value>/O/value[0]/O/[].[parameterMaps].[_governor].[useSQLJoinSyntax]</value></param><param seq="2" type="i18nstring"><value>unknown</value></param></inputparams><domchanges/><result success="t"><outputparams/></result></action><action seq="37" type="Create"><inputparams><param seq="1" type="integer"><value>15</value></param><param seq="2" type="handle"><mappingpath>parameterMap/[@hidden=true]</mappingpath><value>[].[parameterMaps].[_governor]</value></param><param seq="3" type="i18nstring"><value>categorizeByMeasureDimensionQueryItems</value></param><param seq="4" type="integer"><value>0</value></param></inputparams><domchanges/><result success="t"><outputparams/></result></action><action seq="38" type="Modify"><inputparams><param seq="1" type="handle"><mappingpath>parameterMapEntry/value</mappingpath><value>/O/value[0]/O/[].[parameterMaps].[_governor].[categorizeByMeasureDimensionQueryItems]</value></param><param seq="2" type="i18nstring"><value>unknown</value></param></inputparams><domchanges/><result success="t"><outputparams/></result></action><action seq="39" type="Create"><inputparams><param seq="1" type="integer"><value>15</value></param><param seq="2" type="handle"><mappingpath>parameterMap/[@hidden=true]</mappingpath><value>[].[parameterMaps].[_governor]</value></param><param seq="3" type="i18nstring"><value>SQLgenerationForLevelAttributes</value></param><param seq="4" type="integer"><value>0</value></param></inputparams><domchanges/><result success="t"><outputparams/></result></action><action seq="40" type="Modify"><inputparams><param seq="1" type="handle"><mappingpath>parameterMapEntry/value</mappingpath><value>/O/value[0]/O/[].[parameterMaps].[_governor].[SQLgenerationForLevelAttributes]</value></param><param seq="2" type="i18nstring"><value>ServerDetermined</value></param></inputparams><domchanges/><result success="t"><outputparams/></result></action><action seq="41" type="Create"><inputparams><param seq="1" type="integer"><value>15</value></param><param seq="2" type="handle"><mappingpath>parameterMap/[@hidden=true]</mappingpath><value>[].[parameterMaps].[_governor]</value></param><param seq="3" type="i18nstring"><value>SQLgenerationForDeterminantAttributes</value></param><param seq="4" type="integer"><value>0</value></param></inputparams><domchanges/><result success="t"><outputparams/></result></action><action seq="42" type="Modify"><inputparams><param seq="1" type="handle"><mappingpath>parameterMapEntry/value</mappingpath><value>/O/value[0]/O/[].[parameterMaps].[_governor].[SQLgenerationForDeterminantAttributes]</value></param><param seq="2" type="i18nstring"><value>ServerDetermined</value></param></inputparams><domchanges/><result success="t"><outputparams/></result></action><action seq="43" type="Create"><inputparams><param seq="1" type="integer"><value>15</value></param><param seq="2" type="handle"><mappingpath>parameterMap/[@hidden=true]</mappingpath><value>[].[parameterMaps].[_governor]</value></param><param seq="3" type="i18nstring"><value>useSQLParameters</value></param><param seq="4" type="integer"><value>0</value></param></inputparams><domchanges/><result success="t"><outputparams/></result></action><action seq="44" type="Modify"><inputparams><param seq="1" type="handle"><mappingpath>parameterMapEntry/value</mappingpath><value>/O/value[0]/O/[].[parameterMaps].[_governor].[useSQLParameters]</value></param><param seq="2" type="i18nstring"><value>unknown</value></param></inputparams><domchanges/><result success="t"><outputparams/></result></action><action seq="45" type="Create"><inputparams><param seq="1" type="integer"><value>15</value></param><param seq="2" type="handle"><mappingpath>parameterMap/[@hidden=true]</mappingpath><value>[].[parameterMaps].[_governor]</value></param><param seq="3" type="i18nstring"><value>exactNumericDivision</value></param><param seq="4" type="integer"><value>0</value></param></inputparams><domchanges/><result success="t"><outputparams/></result></action><action seq="46" type="Modify"><inputparams><param seq="1" type="handle"><mappingpath>parameterMapEntry/value</mappingpath><value>/O/value[0]/O/[].[parameterMaps].[_governor].[exactNumericDivision]</value></param><param seq="2" type="i18nstring"><value>0</value></param></inputparams><domchanges/><result success="t"><outputparams/></result></action><action seq="47" type="Create"><inputparams><param seq="1" type="integer"><value>15</value></param><param seq="2" type="handle"><mappingpath>parameterMap/[@hidden=true]</mappingpath><value>[].[parameterMaps].[_governor]</value></param><param seq="3" type="i18nstring"><value>cachePolicyDBAccess</value></param><param seq="4" type="integer"><value>0</value></param></inputparams><domchanges/><result success="t"><outputparams/></result></action><action seq="48" type="Modify"><inputparams><param seq="1" type="handle"><mappingpath>parameterMapEntry/value</mappingpath><value>/O/value[0]/O/[].[parameterMaps].[_governor].[cachePolicyDBAccess]</value></param><param seq="2" type="i18nstring"><value>0</value></param></inputparams><domchanges/><result success="t"><outputparams/></result></action><action seq="49" type="Create"><inputparams><param seq="1" type="integer"><value>15</value></param><param seq="2" type="handle"><mappingpath>parameterMap/[@hidden=true]</mappingpath><value>[].[parameterMaps].[_governor]</value></param><param seq="3" type="i18nstring"><value>cachePolicyModelSecurity</value></param><param seq="4" type="integer"><value>0</value></param></inputparams><domchanges/><result success="t"><outputparams/></result></action><action seq="50" type="Modify"><inputparams><param seq="1" type="handle"><mappingpath>parameterMapEntry/value</mappingpath><value>/O/value[0]/O/[].[parameterMaps].[_governor].[cachePolicyModelSecurity]</value></param><param seq="2" type="i18nstring"><value>0</value></param></inputparams><domchanges/><result success="t"><outputparams/></result></action><action seq="51" type="Create"><inputparams><param seq="1" type="integer"><value>15</value></param><param seq="2" type="handle"><mappingpath>parameterMap/[@hidden=true]</mappingpath><value>[].[parameterMaps].[_governor]</value></param><param seq="3" type="i18nstring"><value>contextSensitiveJoinSelection</value></param><param seq="4" type="integer"><value>0</value></param></inputparams><domchanges/><result success="t"><outputparams/></result></action><action seq="52" type="Modify"><inputparams><param seq="1" type="handle"><mappingpath>parameterMapEntry/value</mappingpath><value>/O/value[0]/O/[].[parameterMaps].[_governor].[contextSensitiveJoinSelection]</value></param><param seq="2" type="i18nstring"><value>disabled</value></param></inputparams><domchanges/><result success="t"><outputparams/></result></action><action seq="53" type="Create"><inputparams><param seq="1" type="integer"><value>15</value></param><param seq="2" type="handle"><mappingpath>parameterMap/[@hidden=true]</mappingpath><value>[].[parameterMaps].[_governor]</value></param><param seq="3" type="i18nstring"><value>localCachePolicy</value></param><param seq="4" type="integer"><value>0</value></param></inputparams><domchanges/><result success="t"><outputparams/></result></action><action seq="54" type="Modify"><inputparams><param seq="1" type="handle"><mappingpath>parameterMapEntry/value</mappingpath><value>/O/value[0]/O/[].[parameterMaps].[_governor].[localCachePolicy]</value></param><param seq="2" type="i18nstring"><value>0</value></param></inputparams><domchanges/><result success="t"><outputparams/></result></action><action seq="55" type="Create"><inputparams><param seq="1" type="integer"><value>15</value></param><param seq="2" type="handle"><mappingpath>parameterMap/[@hidden=true]</mappingpath><value>[].[parameterMaps].[_governor]</value></param><param seq="3" type="i18nstring"><value>cursorMode</value></param><param seq="4" type="integer"><value>0</value></param></inputparams><domchanges/><result success="t"><outputparams/></result></action><action seq="56" type="Modify"><inputparams><param seq="1" type="handle"><mappingpath>parameterMapEntry/value</mappingpath><value>/O/value[0]/O/[].[parameterMaps].[_governor].[cursorMode]</value></param><param seq="2" type="i18nstring"><value>0</value></param></inputparams><domchanges/><result success="t"><outputparams/></result></action><action seq="57" type="Create"><inputparams><param seq="1" type="integer"><value>15</value></param><param seq="2" type="handle"><mappingpath>parameterMap/[@hidden=true]</mappingpath><value>[].[parameterMaps].[_governor]</value></param><param seq="3" type="i18nstring"><value>masterDetailOptimization</value></param><param seq="4" type="integer"><value>0</value></param></inputparams><domchanges/><result success="t"><outputparams/></result></action><action seq="58" type="Modify"><inputparams><param seq="1" type="handle"><mappingpath>parameterMapEntry/value</mappingpath><value>/O/value[0]/O/[].[parameterMaps].[_governor].[masterDetailOptimization]</value></param><param seq="2" type="i18nstring"><value>0</value></param></inputparams><domchanges/><result success="t"><outputparams/></result></action></transaction><transaction saved="true" seq="17" timestamp="20141006141304250" uniqueId="80F9D66E80F9D66E"><action seq="1" type="AddProperty"><inputparams><param seq="1" type="handle"><mappingpath>dataSource/type</mappingpath><value>/O/type[0]/O/[].[dataSources].[GOSALES]</value></param><param seq="2" type="i18nstring"><value>functionSetID</value></param></inputparams><domchanges/><result success="t"><outputparams/></result></action><action seq="2" type="ModifyComplex"><inputparams><param seq="1" type="handle"><mappingpath>dataSource/type/functionSetID</mappingpath><value>/O/type[0]/functionSetID[0]/O/[].[dataSources].[GOSALES]</value></param><param seq="2" type="i18nstring"><value>V_DB2</value></param></inputparams><domchanges/><result success="t"><outputparams/></result></action></transaction><transaction saved="true" seq="18" timestamp="20141006141826390" uniqueId="E0CDF183E0CDF183"><action seq="1" type="ResetPromptValues"><inputparams><param seq="1" type="integer"><value>1</value></param></inputparams><domchanges/><result success="t"><outputparams/></result></action></transaction><transaction saved="true" seq="19" timestamp="20141006141834312" uniqueId="BA45972BBA45972B"><action seq="1" type="ResetPromptValues"><inputparams><param seq="1" type="integer"><value>1</value></param></inputparams><domchanges/><result success="t"><outputparams/></result></action></transaction><transaction saved="true" seq="20" timestamp="20141006141903093" uniqueId="B9130C7DB9130C7D"><action seq="1" type="ResetPromptValues"><inputparams><param seq="1" type="integer"><value>1</value></param></inputparams><domchanges/><result success="t"><outputparams/></result></action></transaction><transaction saved="true" seq="21" timestamp="20141006141908437" uniqueId="39E7225039E72250"><action seq="1" type="ResetPromptValues"><inputparams><param seq="1" type="integer"><value>1</value></param></inputparams><domchanges/><result success="t"><outputparams/></result></action></transaction><transaction saved="true" seq="22" timestamp="20141006141957734" uniqueId="46662A1146662A11"><action seq="1" type="Create"><inputparams><param seq="1" type="integer"><value>16</value></param><param seq="2" type="handle"><mappingpath>securityViews</mappingpath><value>[].[securityViews]</value></param><param seq="3" type="i18nstring"><value>GO Operational</value></param><param seq="4" type="integer"><value>1</value></param></inputparams><domchanges/><result success="t"><outputparams/></result></action><action seq="2" type="SetSecurityViewDefinition"><inputparams><param seq="1" type="handle"><mappingpath>securityView</mappingpath><value>[].[securityViews].[GO Operational]</value></param><param seq="2" type="handle"><mappingpath>namespace</mappingpath><value>[GO Operational Model]</value></param><param seq="3" type="integer"><value>2</value></param></inputparams><domchanges/><result success="t"><outputparams/></result></action><action seq="3" type="Create"><inputparams><param seq="1" type="integer"><value>6</value></param><param seq="2" type="handle"><mappingpath>packages</mappingpath><value>[].[packages]</value></param><param seq="3" type="i18nstring"><value>GO Operational</value></param><param seq="4" type="integer"><value>1</value></param></inputparams><domchanges/><result success="t"><outputparams/></result></action><action seq="4" type="SetSecurityViewDefinition"><inputparams><param seq="1" type="handle"><mappingpath>package</mappingpath><value>[].[packages].[GO Operational]</value></param><param seq="2" type="handle"><mappingpath>securityView</mappingpath><value>[].[securityViews].[GO Operational]</value></param><param seq="3" type="integer"><value>2</value></param></inputparams><domchanges/><result success="t"><outputparams/></result></action><action seq="5" type="SetPackageLocales"><inputparams><param seq="1" type="handle"><mappingpath>package</mappingpath><value>[].[packages].[GO Operational]</value></param><param seq="2" type="i18nstring"><value>en</value></param></inputparams><domchanges/><result success="t"><outputparams/></result></action><action seq="6" type="Modify"><inputparams><param seq="1" type="handle"><mappingpath>package/description</mappingpath><value>/O/description[0]/O/[].[packages].[GO Operational]</value></param><param seq="2" type="i18nstring"><value></value></param></inputparams><domchanges/><result success="t"><outputparams/></result></action><action seq="7" type="Modify"><inputparams><param seq="1" type="handle"><mappingpath>package/screenTip</mappingpath><value>/O/screenTip[0]/O/[].[packages].[GO Operational]</value></param><param seq="2" type="i18nstring"><value></value></param></inputparams><domchanges/><result success="t"><outputparams/></result></action><action seq="8" type="SetSecurityViewAccess"><inputparams><param seq="1" type="handle"><mappingpath>securityView</mappingpath><value>[].[securityViews].[GO Operational]</value></param><param seq="2" type="integer"><value>1</value></param><param seq="3" type="cclnode"><value><![CDATA[<securityObjects/>]]></value></param></inputparams><domchanges/><result success="t"><outputparams/></result></action><action seq="9" type="SetSecurityViewAccess"><inputparams><param seq="1" type="handle"><mappingpath>package</mappingpath><value>[].[packages].[GO Operational]</value></param><param seq="2" type="integer"><value>1</value></param><param seq="3" type="cclnode"><value><![CDATA[<securityObjects/>]]></value></param></inputparams><domchanges/><result success="t"><outputparams/></result></action><action seq="10" type="UpdateObject"><inputparams><param seq="1" type="handle"><mappingpath>securityView</mappingpath><value>[].[securityViews].[GO Operational]</value></param><param seq="2" type="cclnode"><value><![CDATA[<updateObjectRequest><tasks><task name="addProperty"><parameters><param name="propertyType" value="functionSet"/><param name="propertyValue" value="V_DB2"/></parameters></task></tasks></updateObjectRequest>]]></value></param></inputparams><domchanges/><result success="t"><outputparams/></result></action><action seq="11" type="SetSecurityViewAccess"><inputparams><param seq="1" type="handle"><mappingpath>securityView</mappingpath><value>[].[securityViews].[GO Operational]</value></param><param seq="2" type="integer"><value>1</value></param><param seq="3" type="cclnode"><value><![CDATA[<securityObjects/>]]></value></param></inputparams><domchanges/><result success="t"><outputparams/></result></action><action seq="12" type="SetSecurityViewAccess"><inputparams><param seq="1" type="handle"><mappingpath>package</mappingpath><value>[].[packages].[GO Operational]</value></param><param seq="2" type="integer"><value>1</value></param><param seq="3" type="cclnode"><value><![CDATA[<securityObjects/>]]></value></param></inputparams><domchanges/><result success="t"><outputparams/></result></action></transaction><transaction saved="true" seq="23" timestamp="20141006142129453" uniqueId="4320518043205180"/><transaction saved="true" seq="24" timestamp="20141006142132968" uniqueId="F784BBEAF784BBEA"><action seq="1" type="Undo"><inputparams/><domchanges/><result success="t"><outputparams/></result></action></transaction><transaction saved="true" seq="25" timestamp="20141006143247875" uniqueId="0119EA670119EA67"><action seq="1" type="DBImport"><inputparams><param seq="1" type="handle"><mappingpath>namespace</mappingpath><value>[gosales]</value></param><param seq="2" type="cclnode"><value><![CDATA[<item Name="GOSALES" Type="database" Value="partial" dbType="D2" description="" isSystem="false" screenTip=""><item Name="GOSALES" Type="schema" Value="partial"><item Name="Tables" Type="tables" Value="partial"><item Name="BRANCH" Type="table" Value="true"/><item Name="CONVERSION_RATE" Type="table" Value="false"/><item Name="COUNTRY" Type="table" Value="true"/><item Name="CURRENCY_LOOKUP" Type="table" Value="false"/><item Name="EURO_CONVERSION" Type="table" Value="false"/><item Name="INVENTORY_LEVELS" Type="table" Value="false"/><item Name="ORDER_DETAILS" Type="table" Value="false"/><item Name="ORDER_HEADER" Type="table" Value="false"/><item Name="ORDER_METHOD" Type="table" Value="false"/><item Name="PRODUCT" Type="table" Value="false"/><item Name="PRODUCT_BRAND" Type="table" Value="false"/><item Name="PRODUCT_COLOR_LOOKUP" Type="table" Value="false"/><item Name="PRODUCT_FORECAST" Type="table" Value="false"/><item Name="PRODUCT_LINE" Type="table" Value="false"/><item Name="PRODUCT_NAME_LOOKUP" Type="table" Value="false"/><item Name="PRODUCT_SIZE_LOOKUP" Type="table" Value="false"/><item Name="PRODUCT_TYPE" Type="table" Value="false"/><item Name="RETURNED_ITEM" Type="table" Value="false"/><item Name="RETURN_REASON" Type="table" Value="false"/><item Name="SALES_REGION" Type="table" Value="true"/><item Name="SALES_TARGET" Type="table" Value="false"/><item Name="TIME_DIMENSION" Type="table" Value="false"/><item Name="TIME_QUARTER_LOOKUP" Type="table" Value="false"/><item Name="XGOREV" Type="table" Value="false"/></item><item Name="Views" Type="views" Value="false"/><item Name="Synonyms" Type="synonyms" Value="false"/><item Name="Procedures" Type="procedures" Value="false"/><item Name="Functions" Type="functions" Value="false"/><item Name="System Objects" Type="sysObjects" Value="false"/></item><item Name="GOSALESDW" Type="schema" Value="false"/><item Name="GOSALESHR" Type="schema" Value="partial"><item Name="Tables" Type="tables" Value="partial"><item Name="DEPARTMENT_LOOKUP" Type="table" Value="false"/><item Name="EMPLOYEE" Type="table" Value="true"/><item Name="EMPLOYEE_EXPENSE_DETAIL" Type="table" Value="false"/><item Name="EMPLOYEE_EXPENSE_PLAN" Type="table" Value="false"/><item Name="EMPLOYEE_HISTORY" Type="table" Value="true"/><item Name="EMPLOYEE_SUMMARY" Type="table" Value="false"/><item Name="EMPLOYEE_SURVEY_RESULTS" Type="table" Value="false"/><item Name="EMPLOYEE_SURVEY_TARGETS" Type="table" Value="false"/><item Name="EMPLOYEE_SURVEY_TOPIC" Type="table" Value="false"/><item Name="EXPENSE_GROUP" Type="table" Value="false"/><item Name="EXPENSE_TYPE" Type="table" Value="false"/><item Name="EXPENSE_UNIT" Type="table" Value="false"/><item Name="GENDER_LOOKUP" Type="table" Value="false"/><item Name="ORGANIZATION" Type="table" Value="false"/><item Name="POSITION_DEPARTMENT" Type="table" Value="false"/><item Name="POSITION_LOOKUP" Type="table" Value="true"/><item Name="POSITION_SUMMARY" Type="table" Value="false"/><item Name="RANKING" Type="table" Value="false"/><item Name="RANKING_RESULTS" Type="table" Value="false"/><item Name="RECRUITMENT" Type="table" Value="false"/><item Name="RECRUITMENT_MEDIUM" Type="table" Value="false"/><item Name="RECRUITMENT_TYPE" Type="table" Value="false"/><item Name="SATISFACTION_INDEX" Type="table" Value="false"/><item Name="SUCCESSION_DETAILS" Type="table" Value="false"/><item Name="SUCCESSOR_STATUS" Type="table" Value="false"/><item Name="TERMINATION_LOOKUP" Type="table" Value="false"/><item Name="TRAINING" Type="table" Value="false"/><item Name="TRAINING_DETAILS" Type="table" Value="false"/></item><item Name="Views" Type="views" Value="false"/><item Name="Synonyms" Type="synonyms" Value="false"/><item Name="Procedures" Type="procedures" Value="false"/><item Name="Functions" Type="functions" Value="false"/><item Name="System Objects" Type="sysObjects" Value="false"/></item><item Name="GOSALESMR" Type="schema" Value="false"/><item Name="GOSALESRT" Type="schema" Value="false"/><item Name="SQLJ" Type="schema" Value="false"/></item>]]></value></param><param seq="3" type="integer"><value>1</value></param><param seq="4" type="integer"><value>1</value></param><param seq="5" type="integer"><value>1</value></param><param seq="6" type="integer"><value>0</value></param><param seq="7" type="integer"><value>0</value></param><param seq="8" type="integer"><value>0</value></param><param seq="9" type="integer"><value>0</value></param><param seq="10" type="integer"><value>1</value></param><param seq="11" type="integer"><value>0</value></param><param seq="12" type="integer"><value>0</value></param></inputparams><domchanges/><result success="t"><outputparams/></result></action><action seq="2" type="DBRelease"><inputparams/><domchanges/><result success="t"><outputparams/></result></action></transaction><transaction saved="true" seq="26" timestamp="20141006143713828" uniqueId="265FBB69265FBB69"><action seq="1" type="DBImport"><inputparams><param seq="1" type="handle"><mappingpath>namespace</mappingpath><value>[gosales]</value></param><param seq="2" type="cclnode"><value><![CDATA[<item Name="GOSALES" Type="database" Value="partial" dbType="D2" description="" isSystem="false" screenTip=""><item Name="GOSALES" Type="schema" Value="false"/><item Name="GOSALESDW" Type="schema" Value="false"/><item Name="GOSALESHR" Type="schema" Value="false"/><item Name="GOSALESMR" Type="schema" Value="false"/><item Name="GOSALESRT" Type="schema" Value="partial"><item Name="Tables" Type="tables" Value="partial"><item Name="ACTIVITY_STATUS_LOOKUP" Type="table" Value="false"/><item Name="RETAILER" Type="table" Value="true"><item Name="RETAILER_CODE" Type="column" Value="true"/><item Name="COMPANY_NAME" Type="column" Value="true"/><item Name="COMPANY_NAME_MB" Type="column" Value="true"/><item Name="RETAILER_TYPE_CODE" Type="column" Value="true"/><item Name="RETAILER_START_DATE" Type="column" Value="true"/></item><item Name="RETAILER_ACTIVITY" Type="table" Value="false"/><item Name="RETAILER_CONTACT" Type="table" Value="false"/><item Name="RETAILER_SITE" Type="table" Value="true"/><item Name="RETAILER_SITE_MB" Type="table" Value="false"/><item Name="RETAILER_TYPE" Type="table" Value="true"/></item><item Name="Views" Type="views" Value="false"/><item Name="Synonyms" Type="synonyms" Value="false"/><item Name="Procedures" Type="procedures" Value="false"/><item Name="Functions" Type="functions" Value="false"/><item Name="System Objects" Type="sysObjects" Value="false"/></item><item Name="SQLJ" Type="schema" Value="false"/></item>]]></value></param><param seq="3" type="integer"><value>1</value></param><param seq="4" type="integer"><value>1</value></param><param seq="5" type="integer"><value>1</value></param><param seq="6" type="integer"><value>0</value></param><param seq="7" type="integer"><value>0</value></param><param seq="8" type="integer"><value>0</value></param><param seq="9" type="integer"><value>0</value></param><param seq="10" type="integer"><value>1</value></param><param seq="11" type="integer"><value>0</value></param><param seq="12" type="integer"><value>0</value></param></inputparams><domchanges/><result success="t"><outputparams/></result></action><action seq="2" type="DBRelease"><inputparams/><domchanges/><result success="t"><outputparams/></result></action></transaction><transaction saved="true" seq="27" timestamp="20141006144023625" uniqueId="B9FCD880B9FCD880"><action seq="1" type="ResetPromptValues"><inputparams><param seq="1" type="integer"><value>1</value></param></inputparams><domchanges/><result success="t"><outputparams/></result></action></transaction><transaction saved="true" seq="28" timestamp="20141006144037453" uniqueId="F73F9BD8F73F9BD8"><action seq="1" type="ResetPromptValues"><inputparams><param seq="1" type="integer"><value>1</value></param></inputparams><domchanges/><result success="t"><outputparams/></result></action></transaction><transaction event="Save" saved="true" seq="29" timestamp="20141006144306828" uniqueId="A0715FCCA0715FCC" user="Student"/><transaction event="StartSession" saved="true" seq="30" timestamp="20141007160846276" uniqueId="9F8845829F884582" user="Student"/><transaction saved="true" seq="31" timestamp="20141007162252557" uniqueId="5940E4F85940E4F8"><action seq="1" type="SetActiveLocale"><inputparams><param seq="1" type="i18nstring"><value>en</value></param></inputparams><domchanges/><result success="t"><outputparams/></result></action></transaction><transaction saved="true" seq="32" timestamp="20141007174059604" uniqueId="D9C3539DD9C3539D"><action seq="1" type="Create"><inputparams><param seq="1" type="integer"><value>3</value></param><param seq="2" type="handle"><mappingpath>project</mappingpath><value>[]</value></param></inputparams><domchanges/><result success="t"><outputparams/></result></action><action seq="2" type="Modify"><inputparams><param seq="1" type="handle"><mappingpath>relationship/left/refobj</mappingpath><value>/O/left[0]/refobj[0]/O/[GO Operational Model].[New Relationship]</value></param><param seq="2" type="i18nstring"><value>[gosales].[EMPLOYEE]</value></param></inputparams><domchanges/><result success="t"><outputparams/></result></action><action seq="3" type="Modify"><inputparams><param seq="1" type="handle"><mappingpath>relationship/left/mincard</mappingpath><value>/O/left[0]/mincard[0]/O/[GO Operational Model].[New Relationship]</value></param><param seq="2" type="i18nstring"><value>one</value></param></inputparams><domchanges/><result success="t"><outputparams/></result></action><action seq="4" type="Modify"><inputparams><param seq="1" type="handle"><mappingpath>relationship/left/maxcard</mappingpath><value>/O/left[0]/maxcard[0]/O/[GO Operational Model].[New Relationship]</value></param><param seq="2" type="i18nstring"><value>one</value></param></inputparams><domchanges/><result success="t"><outputparams/></result></action><action seq="5" type="Modify"><inputparams><param seq="1" type="handle"><mappingpath>relationship/right/refobj</mappingpath><value>/O/right[0]/refobj[0]/O/[GO Operational Model].[New Relationship]</value></param><param seq="2" type="i18nstring"><value>[gosales].[ORDER_HEADER]</value></param></inputparams><domchanges/><result success="t"><outputparams/></result></action><action seq="6" type="Modify"><inputparams><param seq="1" type="handle"><mappingpath>relationship/right/mincard</mappingpath><value>/O/right[0]/mincard[0]/O/[gosales].[New Relationship]</value></param><param seq="2" type="i18nstring"><value>one</value></param></inputparams><domchanges/><result success="t"><outputparams/></result></action><action seq="7" type="Modify"><inputparams><param seq="1" type="handle"><mappingpath>relationship/right/maxcard</mappingpath><value>/O/right[0]/maxcard[0]/O/[gosales].[New Relationship]</value></param><param seq="2" type="i18nstring"><value>many</value></param></inputparams><domchanges/><result success="t"><outputparams/></result></action><action seq="8" type="Modify"><inputparams><param seq="1" type="handle"><mappingpath>relationship/name</mappingpath><value>/O/name[0]/O/[gosales].[New Relationship]</value></param><param seq="2" type="i18nstring"><value>EMPLOYEE &lt;--&gt; ORDER_HEADER</value></param></inputparams><domchanges/><result success="t"><outputparams/></result></action><action seq="9" type="ModifyComplex"><inputparams><param seq="1" type="handle"><mappingpath>relationship/expression</mappingpath><value>/O/expression[0]/O/[gosales].[EMPLOYEE &lt;--&gt; ORDER_HEADER]</value></param><param seq="2" type="i18nstring"><value>&lt;refobj&gt;[gosales].[EMPLOYEE].[EMPLOYEE_CODE]&lt;/refobj&gt; = &lt;refobj&gt;[gosales].[ORDER_HEADER].[SALES_STAFF_CODE]&lt;/refobj&gt;</value></param><param seq="3" type="integer"><value>0</value></param></inputparams><domchanges/><result success="t"><outputparams/></result></action><action seq="10" type="CreateRemainingRelationships"><inputparams><param seq="1" type="handle"><mappingpath>relationship</mappingpath><value>[gosales].[EMPLOYEE &lt;--&gt; ORDER_HEADER]</value></param><param seq="2" type="integer"><value>1</value></param></inputparams><domchanges/><result success="t"><outputparams/></result></action></transaction><transaction saved="true" seq="33" timestamp="20141007174753776" uniqueId="C9FE472CC9FE472C"><action seq="1" type="ResetPromptValues"><inputparams><param seq="1" type="integer"><value>1</value></param></inputparams><domchanges/><result success="t"><outputparams/></result></action></transaction><transaction saved="true" seq="34" timestamp="20141007174849401" uniqueId="7FE882D77FE882D7"><action seq="1" type="ResetPromptValues"><inputparams><param seq="1" type="integer"><value>1</value></param></inputparams><domchanges/><result success="t"><outputparams/></result></action></transaction><transaction saved="true" seq="35" timestamp="20141007175117323" uniqueId="1245568B1245568B"><action seq="1" type="ResetPromptValues"><inputparams><param seq="1" type="integer"><value>1</value></param></inputparams><domchanges/><result success="t"><outputparams/></result></action></transaction><transaction saved="true" seq="36" timestamp="20141007175300432" uniqueId="E9173649E9173649"><action seq="1" type="ResetPromptValues"><inputparams><param seq="1" type="integer"><value>1</value></param></inputparams><domchanges/><result success="t"><outputparams/></result></action></transaction><transaction event="Save" saved="true" seq="37" timestamp="20141007175500276" uniqueId="BBCE01E1BBCE01E1" user="Student"/><transaction event="StartSession" saved="true" seq="38" timestamp="20141216134618091" uniqueId="3B360F1A3B360F1A" user="Student"/><transaction saved="true" seq="39" timestamp="20141216134749201" uniqueId="CC3D1E13CC3D1E13"><action seq="1" type="SetActiveLocale"><inputparams><param seq="1" type="i18nstring"><value>en</value></param></inputparams><domchanges/><result success="t"><outputparams/></result></action></transaction><transaction event="Save" saved="true" seq="40" timestamp="20141216135113154" uniqueId="67340B7367340B73" user="Student"/><transaction event="StartSession" saved="true" seq="41" timestamp="20141216172956366" uniqueId="24F4A51B24F4A51B" user="Student"/><transaction saved="true" seq="42" timestamp="20141216173008726" uniqueId="8359A1B58359A1B5"><action seq="1" type="SetActiveLocale"><inputparams><param seq="1" type="i18nstring"><value>en</value></param></inputparams><domchanges/><result success="t"><outputparams/></result></action></transaction><transaction saved="true" seq="43" timestamp="20141216173227648" uniqueId="8EEB80898EEB8089"><action seq="1" type="Delete"><inputparams><param seq="1" type="handle"><mappingpath>relationship</mappingpath><value>[gosales].[EMPLOYEE &lt;--&gt; ORDER_HEADER]</value></param></inputparams><domchanges/><result success="t"><outputparams/></result></action></transaction><transaction event="Save" saved="true" seq="44" timestamp="20141216173231773" uniqueId="0D9D33D80D9D33D8" user="Student"/></bmtactionlog>
