<?xml version="1.0" encoding="UTF-8"?><idlog><t seq="7DEB851D7DEB851D"><map></map></t><t seq="7DEB851D7DEB851D"><map></map></t><t seq="CF45FC12CF45FC12"><map></map></t><t seq="CF45FC12CF45FC12"><map></map></t><t seq="509D007E509D007E"><map><id i="0" s="[GO Operational Sales (query)].[My Location]"/><id i="1" s="[GO Operational Sales (query)].[filter]"/></map><a seq="0"><id i="0"/><id i="1"/></a><a seq="1"></a></t><t seq="9B6523AD9B6523AD"><map><id i="0" s="[].[securityViews].[GO Operational (query)]"/></map><a seq="0"><id i="0"/></a></t><t seq="9B6523AD9B6523AD"><map><id i="0" s="[].[securityViews].[GO Operational (query)]"/></map><a seq="0"><id i="0"/></a></t><t seq="21129C7921129C79"><map><id i="0" s="[]"/></map><a seq="-1"><id i="0"/></a></t><t seq="21129C7921129C79"><map><id i="0" s="[]"/><id i="1" s=""/></map><a seq="0"><id i="0"/><id i="1"/></a></t><t seq="BB3AEE08BB3AEE08"><map><id i="0" s="[].[parameterMaps].[parameterMap]"/><id i="1" s="[].[parameterMaps].[DataSourceLookup]"/><id i="2" s="[].[parameterMaps].[DataSourceLookup].[parameterMapEntry]"/><id i="3" s="[].[parameterMaps].[DataSourceLookup].[scottb]"/><id i="4" s="[].[parameterMaps].[DataSourceLookup].[brettonf]"/></map><a seq="0"><id i="0"/><id i="1"/></a><a seq="1"><id i="2"/><id i="3"/></a><a seq="2"></a><a seq="3"><id i="4"/></a><a seq="4"></a><a seq="5"></a><a seq="6"></a><a seq="7"></a><a seq="8"></a><a seq="9"></a></t><t seq="848BD853848BD853"><map><id i="0" s="[].[dataSources].[GOSALES]"/></map><a seq="0"><id i="0"/></a></t><t seq="7F8C49757F8C4975"><map></map></t><t seq="7F8C49757F8C4975"><map></map></t><t seq="9252F6069252F606"><map></map></t><t seq="9252F6069252F606"><map></map></t><t seq="C9AC75B0C9AC75B0"><map></map></t><t seq="C9AC75B0C9AC75B0"><map></map></t><t seq="E3AE99FFE3AE99FF"><map><id i="0" s="[].[parameterMaps].[_env].[parameterMapEntry]"/><id i="1" s="[].[parameterMaps].[_env].[UserLanguage]"/></map><a seq="0"><id i="0"/><id i="1"/></a><a seq="1"></a></t><t seq="D4F5C5CFD4F5C5CF"><map></map></t><t seq="D4F5C5CFD4F5C5CF"><map></map></t><t seq="43C3CCDF43C3CCDF"><map><id i="0" s="[Dimensional View].[Order Method]"/><id i="1" s="[Consolidation View].[Order Method]"/><id i="2" s="[Consolidation View].[Order Method].[Order Method]"/></map><a seq="4"><id i="0"/><id i="1"/><id i="2"/></a></t><t seq="35C17CC735C17CC7"><map><id i="0" s="[].[dataSources].[GOSALES]"/></map><a seq="0"><id i="0"/></a></t><t seq="F0A4C83AF0A4C83A"><map><id i="0" s="[Consolidation View].[Return Reason]"/></map><a seq="0"><id i="0"/></a><a seq="1"></a><a seq="2"></a><a seq="3"></a><a seq="4"></a></t><t seq="A433537DA433537D"><map></map></t><t seq="A2066520A2066520"><map><id i="0" s="[].[dataSources].[GOSALES]"/></map><a seq="0"><id i="0"/></a></t><t seq="1D1642DA1D1642DA"><map></map></t><t seq="1D1642DA1D1642DA"><map></map></t><t seq="0893FEC70893FEC7"><map></map></t><t seq="0893FEC70893FEC7"><map></map></t><t seq="4C54528C4C54528C"><map><id i="0" s="[Consolidation View].[Return Reason]"/></map><a seq="0"><id i="0"/></a></t><t seq="4B67715A4B67715A"><map><id i="0" s="[Consolidation View].[Order Method]"/><id i="1" s="[Consolidation View].[Order Method].[Order Method]"/></map><a seq="0"><id i="0"/><id i="1"/></a></t><t seq="DE51776BDE51776B"><map><id i="0" s="[].[parameterMaps].[_env].[UserLanguage]"/></map><a seq="0"><id i="0"/></a></t><t seq="AC0A68B6AC0A68B6"><map><id i="0" s="[].[parameterMaps].[DataSourceLookup]"/></map><a seq="0"><id i="0"/></a></t><t seq="585C358B585C358B"><map><id i="0" s="[].[dataSources].[GOSALES]"/></map><a seq="0"><id i="0"/></a></t><t seq="029ECBB0029ECBB0"><map></map></t><t seq="029ECBB0029ECBB0"><map></map></t><t seq="0F39D9F40F39D9F4"><map></map></t><t seq="0F39D9F40F39D9F4"><map></map></t><t seq="035B8C66035B8C66"><map></map></t><t seq="035B8C66035B8C66"><map></map></t><t seq="1B3B67001B3B6700"><map><id i="0" s="[].[securityViews].[GO Operational (query)]"/></map><a seq="0"><id i="0"/></a></t><t seq="DB67F367DB67F367"><map><id i="0" s="[GO Operational Sales (query)].[My Location]"/></map><a seq="0"><id i="0"/></a></t><t seq="501AFA7A501AFA7A"><map></map></t><t seq="501AFA7A501AFA7A"><map></map></t><t seq="0550118405501184"><map><id i="0" s="[Dimensional View].[Products].[Products].[Product].[Production Cost]"/><id i="1" s="[Dimensional View].[Products].[Products].[Product].[Gross Margin]"/></map><a seq="0"><id i="0"/><id i="1"/></a></t><t seq="1C8B589F1C8B589F"><map><id i="0" s="[Consolidation View].[Products].[Production Cost]"/><id i="1" s="[Consolidation View].[Products].[Gross Margin]"/></map><a seq="0"><id i="0"/><id i="1"/></a></t><t seq="6D4C4FFD6D4C4FFD"><map><id i="0" s="[gosales].[Product Type &amp; Product].[PRODUCTION_COST]"/><id i="1" s="[gosales].[Product Type &amp; Product].[GROSS_MARGIN]"/><id i="2" s="[gosales].[Product Type &amp; Product]"/></map><a seq="0"><id i="0"/><id i="1"/><id i="2"/></a></t><t seq="950D7BFF950D7BFF"><map><id i="0" s="[].[parameterMaps].[_governor].[parameterMapEntry]"/><id i="1" s="[].[parameterMaps].[_governor].[updateQS]"/><id i="2" s="[gosales].[PRODUCT].[PRODUCTION_COST]"/><id i="3" s="[gosales].[PRODUCT].[GROSS_MARGIN]"/><id i="4" s="[gosales].[PRODUCT]"/><id i="5" s="[gosales].[PRODUCT].[PRODUCT_NUMBER]"/><id i="6" s="[gosales].[PRODUCT].[BASE_PRODUCT_NUMBER]"/><id i="7" s="[gosales].[PRODUCT].[INTRODUCTION_DATE]"/><id i="8" s="[gosales].[PRODUCT].[DISCONTINUED_DATE]"/><id i="9" s="[gosales].[PRODUCT].[PRODUCT_TYPE_CODE]"/><id i="10" s="[gosales].[PRODUCT].[PRODUCT_COLOR_CODE]"/><id i="11" s="[gosales].[PRODUCT].[PRODUCT_SIZE_CODE]"/><id i="12" s="[gosales].[PRODUCT].[PRODUCT_BRAND_CODE]"/><id i="13" s="[gosales].[PRODUCT].[PRODUCT_IMAGE]"/></map><a seq="-1"><id i="0"/><id i="1"/></a><a seq="0"><id i="2"/><id i="3"/><id i="4"/><id i="5"/><id i="6"/><id i="7"/><id i="8"/><id i="9"/><id i="10"/><id i="11"/><id i="12"/><id i="13"/></a></t></idlog>