<?xml version="1.0" encoding="UTF-8" ?>
<bmtactionlog project="C:\Edcognos\B5252\CBIFM-Start Files\Module 18\GO Operational\log.xml" timestamp="20120913163706193" user="Student" version="10.2.1003.39"><transaction event="StartLog" saved="true" seq="1" timestamp="20120913163003508" uniqueId="77978EF677978EF6" user="Student"/><transaction event="StartSession" saved="true" seq="2" timestamp="20120913163003508" uniqueId="77978EF677978EF6" user="Student"/><transaction saved="true" seq="3" timestamp="20120913163005805" uniqueId="B4BD11E3B4BD11E3"><action seq="1" type="SetActiveLocale"><inputparams><param seq="1" type="i18nstring"><value>en</value></param></inputparams><domchanges/><result success="t"><outputparams/></result></action></transaction><transaction saved="true" seq="4" timestamp="20120913163211527" uniqueId="509D007E509D007E"><action seq="1" type="Create"><inputparams><param seq="1" type="integer"><value>13</value></param><param seq="2" type="handle"><mappingpath>namespace</mappingpath><value>[GO Operational Sales (query)]</value></param><param seq="3" type="i18nstring"><value>My Location</value></param></inputparams><domchanges/><result success="t"><outputparams/></result></action><action seq="2" type="ModifyComplex"><inputparams><param seq="1" type="handle"><mappingpath>filter/expression</mappingpath><value>/O/expression[0]/O/[GO Operational Sales (query)].[My Location]</value></param><param seq="2" type="i18nstring"><value>&lt;refobj&gt;[Consolidation View].[Staff by Location].[Staff City]&lt;/refobj&gt;  =#sq($account.parameters.Location)# </value></param></inputparams><domchanges/><result success="t"><outputparams/></result></action></transaction><transaction saved="true" seq="5" timestamp="20120913163351456" uniqueId="9B6523AD9B6523AD"><action seq="1" type="SetSecurityViewDefinition"><inputparams><param seq="1" type="handle"><mappingpath>securityView</mappingpath><value>[].[securityViews].[GO Operational (query)]</value></param><param seq="2" type="handle"><mappingpath>filter</mappingpath><value>[GO Operational Sales (query)].[My Location]</value></param><param seq="3" type="integer"><value>2</value></param><param seq="4" type="handle"><mappingpath>namespace</mappingpath><value>[Sales (query)]</value></param><param seq="5" type="integer"><value>2</value></param><param seq="6" type="handle"><mappingpath>namespace</mappingpath><value>[Returns (query)]</value></param><param seq="7" type="integer"><value>2</value></param><param seq="8" type="handle"><mappingpath>namespace</mappingpath><value>[Sales Targets (query)]</value></param><param seq="9" type="integer"><value>2</value></param><param seq="10" type="handle"><mappingpath>shortcut</mappingpath><value>[Retailer Location Filters]</value></param><param seq="11" type="integer"><value>2</value></param></inputparams><domchanges/><result success="t"><outputparams/></result></action></transaction><transaction saved="true" seq="6" timestamp="20120913163407207" uniqueId="05364EA405364EA4"><action seq="1" type="SetSecurityViewAccess"><inputparams><param seq="1" type="handle"><mappingpath>securityView</mappingpath><value>[].[securityViews].[GO Operational (query)]</value></param><param seq="2" type="integer"><value>1</value></param><param seq="3" type="cclnode"><value><![CDATA[<securityObjects/>]]></value></param></inputparams><domchanges/><result success="t"><outputparams/></result></action></transaction><transaction saved="true" seq="7" timestamp="20120913163407207" uniqueId="9589533595895335"><action seq="1" type="SetSecurityViewAccess"><inputparams><param seq="1" type="handle"><mappingpath>package</mappingpath><value>[].[packages].[GO Operational (query)]</value></param><param seq="2" type="integer"><value>1</value></param><param seq="3" type="cclnode"><value><![CDATA[<securityObjects/>]]></value></param></inputparams><domchanges/><result success="t"><outputparams/></result></action></transaction><transaction saved="true" seq="8" timestamp="20120913163416114" uniqueId="21129C7921129C79"/><transaction saved="true" seq="9" timestamp="20120913163416926" uniqueId="1675822C1675822C"><action seq="1" type="Undo"><inputparams/><domchanges/><result success="t"><outputparams/></result></action></transaction><transaction event="Save" saved="true" seq="10" timestamp="20120913163706193" uniqueId="3808CDAF3808CDAF" user="Student"/><transaction event="StartSession" saved="true" seq="11" timestamp="20120913163708459" uniqueId="0BBE7B9E0BBE7B9E" user="Student"/><transaction saved="true" seq="12" timestamp="20120913163710350" uniqueId="E3F17AC3E3F17AC3"><action seq="1" type="SetActiveLocale"><inputparams><param seq="1" type="i18nstring"><value>en</value></param></inputparams><domchanges/><result success="t"><outputparams/></result></action></transaction><transaction saved="true" seq="13" timestamp="20120913163714897" uniqueId="BB3AEE08BB3AEE08"><action seq="1" type="Create"><inputparams><param seq="1" type="integer"><value>14</value></param><param seq="2" type="handle"><mappingpath>parameterMaps</mappingpath><value>[].[parameterMaps]</value></param><param seq="3" type="i18nstring"><value>DataSourceLookup</value></param><param seq="4" type="integer"><value>1</value></param></inputparams><domchanges/><result success="t"><outputparams/></result></action><action seq="2" type="Create"><inputparams><param seq="1" type="integer"><value>15</value></param><param seq="2" type="handle"><mappingpath>parameterMap</mappingpath><value>[].[parameterMaps].[DataSourceLookup]</value></param><param seq="3" type="i18nstring"><value>scottb</value></param><param seq="4" type="integer"><value>1</value></param></inputparams><domchanges/><result success="t"><outputparams/></result></action><action seq="3" type="Modify"><inputparams><param seq="1" type="handle"><mappingpath>parameterMapEntry/value</mappingpath><value>/O/value[0]/O/[].[parameterMaps].[DataSourceLookup].[scottb]</value></param><param seq="2" type="i18nstring"><value>GOSALES2</value></param></inputparams><domchanges/><result success="t"><outputparams/></result></action><action seq="4" type="Create"><inputparams><param seq="1" type="integer"><value>15</value></param><param seq="2" type="handle"><mappingpath>parameterMap</mappingpath><value>[].[parameterMaps].[DataSourceLookup]</value></param><param seq="3" type="i18nstring"><value>brettonf</value></param><param seq="4" type="integer"><value>1</value></param></inputparams><domchanges/><result success="t"><outputparams/></result></action><action seq="5" type="Modify"><inputparams><param seq="1" type="handle"><mappingpath>parameterMapEntry/value</mappingpath><value>/O/value[0]/O/[].[parameterMaps].[DataSourceLookup].[brettonf]</value></param><param seq="2" type="i18nstring"><value>GOSALES</value></param></inputparams><domchanges/><result success="t"><outputparams/></result></action><action seq="6" type="Delete"><inputparams><param seq="1" type="handle"><mappingpath>parameterMapEntry</mappingpath><value>[].[parameterMaps].[DataSourceLookup].[scottb]</value></param></inputparams><domchanges/><result success="t"><outputparams/></result></action><action seq="7" type="Create"><inputparams><param seq="1" type="integer"><value>15</value></param><param seq="2" type="handle"><mappingpath>parameterMap</mappingpath><value>[].[parameterMaps].[DataSourceLookup]</value></param><param seq="3" type="i18nstring"><value>scottb</value></param><param seq="4" type="integer"><value>1</value></param></inputparams><domchanges/><result success="t"><outputparams/></result></action><action seq="8" type="Modify"><inputparams><param seq="1" type="handle"><mappingpath>parameterMapEntry/value</mappingpath><value>/O/value[0]/O/[].[parameterMaps].[DataSourceLookup].[scottb]</value></param><param seq="2" type="i18nstring"><value>GOSALES2</value></param></inputparams><domchanges/><result success="t"><outputparams/></result></action><action seq="9" type="AddProperty"><inputparams><param seq="1" type="handle"><mappingpath>parameterMap</mappingpath><value>[].[parameterMaps].[DataSourceLookup]</value></param><param seq="2" type="i18nstring"><value>parameterMap/defaultValue</value></param></inputparams><domchanges/><result success="t"><outputparams/></result></action><action seq="10" type="Modify"><inputparams><param seq="1" type="handle"><mappingpath>parameterMap/defaultValue</mappingpath><value>/O/defaultValue[0]/O/[].[parameterMaps].[DataSourceLookup]</value></param><param seq="2" type="i18nstring"><value>GOSALES</value></param></inputparams><domchanges/><result success="t"><outputparams/></result></action></transaction><transaction saved="true" seq="14" timestamp="20120913164247591" uniqueId="848BD853848BD853"><action seq="1" type="Modify"><inputparams><param seq="1" type="handle"><mappingpath>dataSource/cmDataSource</mappingpath><value>/O/cmDataSource[0]/O/[].[dataSources].[GOSALES]</value></param><param seq="2" type="i18nstring"><value>#$DataSourceLookup{$account.personalInfo.userName}#</value></param></inputparams><domchanges/><result success="t"><outputparams/></result></action></transaction><transaction event="Save" saved="true" seq="15" timestamp="20120913164630840" uniqueId="9406727F9406727F" user="Student"/><transaction event="StartSession" saved="true" seq="16" timestamp="20141114163853370" uniqueId="03740A3003740A30" user="Student"/><transaction saved="true" seq="17" timestamp="20141114163854058" uniqueId="8ACCE9FD8ACCE9FD"><action seq="1" type="SetActiveLocale"><inputparams><param seq="1" type="i18nstring"><value>en</value></param></inputparams><domchanges/><result success="t"><outputparams/></result></action></transaction><transaction saved="true" seq="18" timestamp="20141114164011870" uniqueId="E3AE99FFE3AE99FF"><action seq="1" type="Create"><inputparams><param seq="1" type="integer"><value>15</value></param><param seq="2" type="handle"><mappingpath>parameterMap/[@hidden=true]</mappingpath><value>[].[parameterMaps].[_env]</value></param><param seq="3" type="i18nstring"><value>UserLanguage</value></param><param seq="4" type="integer"><value>1</value></param></inputparams><domchanges/><result success="t"><outputparams/></result></action><action seq="2" type="Modify"><inputparams><param seq="1" type="handle"><mappingpath>parameterMapEntry/value</mappingpath><value>/O/value[0]/O/[].[parameterMaps].[_env].[UserLanguage]</value></param><param seq="2" type="i18nstring"><value>#prompt(&apos;Select language&apos;, &apos;token&apos;, &apos;EN&apos;)#</value></param></inputparams><domchanges/><result success="t"><outputparams/></result></action><action seq="3" type="RemoveRuntimeParameters"><inputparams><param seq="1" type="i18nstring"><value>removeall</value></param></inputparams><domchanges/><result success="t"><outputparams/></result></action></transaction><transaction saved="true" seq="19" timestamp="20141114164232651" uniqueId="43C3CCDF43C3CCDF"><action seq="1" type="ResetPromptValues"><inputparams><param seq="1" type="integer"><value>1</value></param></inputparams><domchanges/><result success="t"><outputparams/></result></action><action seq="2" type="ResetPromptValues"><inputparams><param seq="1" type="integer"><value>1</value></param></inputparams><domchanges/><result success="t"><outputparams/></result></action><action seq="3" type="SetPromptValue"><inputparams><param seq="1" type="i18nstring"><value>Select language</value></param><param seq="2" type="cclnode"><value><![CDATA[<item xmlns:SOAP-ENC="http://schemas.xmlsoap.org/soap/encoding/" xmlns:bus="http://developer.cognos.com/schemas/bibus/3/" xmlns:xsi="http://www.w3.org/2001/XMLSchema-instance"><name>Select language</name><type>xsdString</type><promptType></promptType><capabilities SOAP-ENC:arrayType="bus:parameterCapabilityEnum[]" xsi:type="SOAP-ENC:Array"><item>optional</item></capabilities><value><item xsi:type="bus:simpleParmValueItem"><inclusive>true</inclusive><use>FR</use></item></value></item>]]></value></param></inputparams><domchanges/><result success="t"><outputparams/></result></action><action seq="4" type="ResetPromptValues"><inputparams><param seq="1" type="integer"><value>0</value></param></inputparams><domchanges/><result success="t"><outputparams/></result></action><action seq="5" type="ModifyComplex"><inputparams><param seq="1" type="handle"><mappingpath>queryItem/expression</mappingpath><value>/O/expression[0]/O/[Consolidation View].[Order Method].[Order Method]</value></param><param seq="2" type="i18nstring"><value>#&amp;apos;[gosales].[ORDER_METHOD].[ORDER_METHOD_&amp;apos;+ $UserLanguage+ &amp;apos;]&amp;apos;#</value></param></inputparams><domchanges/><result success="t"><outputparams/></result></action></transaction><transaction saved="true" seq="20" timestamp="20141114164344714" uniqueId="1EC343BD1EC343BD"><action seq="1" type="ResetPromptValues"><inputparams><param seq="1" type="integer"><value>1</value></param></inputparams><domchanges/><result success="t"><outputparams/></result></action></transaction><transaction saved="true" seq="21" timestamp="20141114164349573" uniqueId="8FBE7ACC8FBE7ACC"><action seq="1" type="SetPromptValue"><inputparams><param seq="1" type="i18nstring"><value>Select language</value></param><param seq="2" type="cclnode"><value><![CDATA[<item xmlns:SOAP-ENC="http://schemas.xmlsoap.org/soap/encoding/" xmlns:bus="http://developer.cognos.com/schemas/bibus/3/" xmlns:xsi="http://www.w3.org/2001/XMLSchema-instance"><name>Select language</name><type>xsdString</type><promptType></promptType><capabilities SOAP-ENC:arrayType="bus:parameterCapabilityEnum[]" xsi:type="SOAP-ENC:Array"><item>optional</item></capabilities><value><item xsi:type="bus:simpleParmValueItem"><inclusive>true</inclusive><use>FR</use></item></value></item>]]></value></param></inputparams><domchanges/><result success="t"><outputparams/></result></action></transaction><transaction saved="true" seq="22" timestamp="20141114164349573" uniqueId="16B72B7616B72B76"><action seq="1" type="ResetPromptValues"><inputparams><param seq="1" type="integer"><value>0</value></param></inputparams><domchanges/><result success="t"><outputparams/></result></action></transaction><transaction saved="true" seq="23" timestamp="20141114164452214" uniqueId="35C17CC735C17CC7"><action seq="1" type="Modify"><inputparams><param seq="1" type="handle"><mappingpath>dataSource/cmDataSource</mappingpath><value>/O/cmDataSource[0]/O/[].[dataSources].[GOSALES]</value></param><param seq="2" type="i18nstring"><value>	#prompt(&apos;Enter data source number&apos;, &apos;int&apos;, &apos;GOSALES&apos;, &apos;GOSALES&apos;)#</value></param></inputparams><domchanges/><result success="t"><outputparams/></result></action></transaction><transaction saved="true" seq="24" timestamp="20141114164538745" uniqueId="5BB8EAD35BB8EAD3"><action seq="1" type="ResetPromptValues"><inputparams><param seq="1" type="integer"><value>1</value></param></inputparams><domchanges/><result success="t"><outputparams/></result></action></transaction><transaction saved="true" seq="25" timestamp="20141114164551073" uniqueId="CC78B1FBCC78B1FB"><action seq="1" type="SetPromptValue"><inputparams><param seq="1" type="i18nstring"><value>Enter data source number</value></param><param seq="2" type="cclnode"><value><![CDATA[<item xmlns:SOAP-ENC="http://schemas.xmlsoap.org/soap/encoding/" xmlns:bus="http://developer.cognos.com/schemas/bibus/3/" xmlns:xsi="http://www.w3.org/2001/XMLSchema-instance"><name>Enter data source number</name><type>xsdInt</type><promptType></promptType><capabilities SOAP-ENC:arrayType="bus:parameterCapabilityEnum[]" xsi:type="SOAP-ENC:Array"><item>optional</item></capabilities><value><item xsi:type="bus:simpleParmValueItem"><inclusive>true</inclusive><use>2</use></item></value></item>]]></value></param></inputparams><domchanges/><result success="t"><outputparams/></result></action></transaction><transaction saved="true" seq="26" timestamp="20141114164551089" uniqueId="008575C1008575C1"><action seq="1" type="ResetPromptValues"><inputparams><param seq="1" type="integer"><value>0</value></param></inputparams><domchanges/><result success="t"><outputparams/></result></action></transaction><transaction saved="true" seq="27" timestamp="20141114164612104" uniqueId="7BDA86057BDA8605"><action seq="1" type="ResetPromptValues"><inputparams><param seq="1" type="integer"><value>1</value></param></inputparams><domchanges/><result success="t"><outputparams/></result></action></transaction><transaction saved="true" seq="28" timestamp="20141114164619011" uniqueId="02B5E76902B5E769"><action seq="1" type="SetPromptValue"><inputparams><param seq="1" type="i18nstring"><value>Enter data source number</value></param><param seq="2" type="cclnode"><value><![CDATA[<item xmlns:SOAP-ENC="http://schemas.xmlsoap.org/soap/encoding/" xmlns:bus="http://developer.cognos.com/schemas/bibus/3/" xmlns:xsi="http://www.w3.org/2001/XMLSchema-instance"><name>Enter data source number</name><type>xsdInt</type><promptType></promptType><capabilities SOAP-ENC:arrayType="bus:parameterCapabilityEnum[]" xsi:type="SOAP-ENC:Array"><item>optional</item></capabilities></item>]]></value></param></inputparams><domchanges/><result success="t"><outputparams/></result></action></transaction><transaction saved="true" seq="29" timestamp="20141114164619026" uniqueId="62486E9462486E94"><action seq="1" type="ResetPromptValues"><inputparams><param seq="1" type="integer"><value>0</value></param></inputparams><domchanges/><result success="t"><outputparams/></result></action></transaction><transaction saved="true" seq="30" timestamp="20141114164648136" uniqueId="1E3755A61E3755A6"><action seq="1" type="ResetPromptValues"><inputparams><param seq="1" type="integer"><value>1</value></param></inputparams><domchanges/><result success="t"><outputparams/></result></action></transaction><transaction saved="true" seq="31" timestamp="20141114164652933" uniqueId="5867C4C85867C4C8"><action seq="1" type="SetPromptValue"><inputparams><param seq="1" type="i18nstring"><value>Enter data source number</value></param><param seq="2" type="cclnode"><value><![CDATA[<item xmlns:SOAP-ENC="http://schemas.xmlsoap.org/soap/encoding/" xmlns:bus="http://developer.cognos.com/schemas/bibus/3/" xmlns:xsi="http://www.w3.org/2001/XMLSchema-instance"><name>Enter data source number</name><type>xsdInt</type><promptType></promptType><capabilities SOAP-ENC:arrayType="bus:parameterCapabilityEnum[]" xsi:type="SOAP-ENC:Array"><item>optional</item></capabilities></item>]]></value></param></inputparams><domchanges/><result success="t"><outputparams/></result></action></transaction><transaction saved="true" seq="32" timestamp="20141114164652948" uniqueId="50EC422A50EC422A"><action seq="1" type="ResetPromptValues"><inputparams><param seq="1" type="integer"><value>0</value></param></inputparams><domchanges/><result success="t"><outputparams/></result></action></transaction><transaction saved="true" seq="33" timestamp="20141114164910745" uniqueId="F0A4C83AF0A4C83A"><action seq="1" type="UpdateObject"><inputparams><param seq="1" type="handle"><mappingpath>querySubject</mappingpath><value>[Consolidation View].[Return Reason]</value></param><param seq="2" type="cclnode"><value><![CDATA[<updateObjectRequest><tasks><task name="addProperty"><parameters><param name="propertyType" value="filter"/><param name="propertyValue"><expression/></param><param name="caption" value="New Filter"/><param name="filterApplyType" value="always"/><param name="filterApplicationType" value="beforeAutoAggregation"/></parameters></task></tasks></updateObjectRequest>]]></value></param></inputparams><domchanges/><result success="t"><outputparams/></result></action><action seq="2" type="Modify"><inputparams><param seq="1" type="handle"><mappingpath>querySubject/definition/modelQuery/filters/filterDefinition/displayName</mappingpath><value>/O/definition[0]/modelQuery[0]/filters[0]/filterDefinition[0]/displayName[0]/O/[Consolidation View].[Return Reason]</value></param><param seq="2" type="i18nstring"><value>Prompt Many for Return Resason</value></param></inputparams><domchanges/><result success="t"><outputparams/></result></action><action seq="3" type="ModifyComplex"><inputparams><param seq="1" type="handle"><mappingpath>querySubject/definition/modelQuery/filters/filterDefinition/expression</mappingpath><value>/O/definition[0]/modelQuery[0]/filters[0]/filterDefinition[0]/expression[0]/O/[Consolidation View].[Return Reason]</value></param><param seq="2" type="i18nstring"><value>&lt;refobj&gt;[Consolidation View].[Return Reason].[Return Reason Code]&lt;/refobj&gt;  in (#promptmany(&amp;apos;Enter Return Reason Codes(s)&amp;apos;,&amp;apos;integer&amp;apos;)#)</value></param></inputparams><domchanges/><result success="t"><outputparams/></result></action><action seq="4" type="Modify"><inputparams><param seq="1" type="handle"><mappingpath>querySubject/definition/modelQuery/filters/filterDefinition/@apply</mappingpath><value>/O/definition[0]/modelQuery[0]/filters[0]/filterDefinition[0]/@apply/O/[Consolidation View].[Return Reason]</value></param><param seq="2" type="i18nstring"><value>always</value></param></inputparams><domchanges/><result success="t"><outputparams/></result></action><action seq="5" type="Modify"><inputparams><param seq="1" type="handle"><mappingpath>querySubject/definition/modelQuery/filters/filterDefinition/@application</mappingpath><value>/O/definition[0]/modelQuery[0]/filters[0]/filterDefinition[0]/@application/O/[Consolidation View].[Return Reason]</value></param><param seq="2" type="i18nstring"><value>beforeAutoAggregation</value></param></inputparams><domchanges/><result success="t"><outputparams/></result></action><action seq="6" type="ResetPromptValues"><inputparams><param seq="1" type="integer"><value>1</value></param></inputparams><domchanges/><result success="t"><outputparams/></result></action><action seq="7" type="ResetPromptValues"><inputparams><param seq="1" type="integer"><value>1</value></param></inputparams><domchanges/><result success="t"><outputparams/></result></action><action seq="8" type="SetPromptValue"><inputparams><param seq="1" type="i18nstring"><value>Enter Return Reason Codes(s)</value></param><param seq="2" type="cclnode"><value><![CDATA[<item xmlns:SOAP-ENC="http://schemas.xmlsoap.org/soap/encoding/" xmlns:bus="http://developer.cognos.com/schemas/bibus/3/" xmlns:xsi="http://www.w3.org/2001/XMLSchema-instance"><name>Enter Return Reason Codes(s)</name><type>xsdInt</type><promptType></promptType><capabilities SOAP-ENC:arrayType="bus:parameterCapabilityEnum[]" xsi:type="SOAP-ENC:Array"><item>multivalued</item></capabilities><value><item xsi:type="bus:simpleParmValueItem"><inclusive>true</inclusive><use>1</use></item></value></item>]]></value></param></inputparams><domchanges/><result success="t"><outputparams/></result></action><action seq="9" type="ResetPromptValues"><inputparams><param seq="1" type="integer"><value>0</value></param></inputparams><domchanges/><result success="t"><outputparams/></result></action></transaction><transaction saved="true" seq="34" timestamp="20141114165930511" uniqueId="A433537DA433537D"><action seq="1" type="ResetPromptValues"><inputparams><param seq="1" type="integer"><value>1</value></param></inputparams><domchanges/><result success="t"><outputparams/></result></action><action seq="2" type="ResetPromptValues"><inputparams><param seq="1" type="integer"><value>1</value></param></inputparams><domchanges/><result success="t"><outputparams/></result></action><action seq="3" type="SetPromptValue"><inputparams><param seq="1" type="i18nstring"><value>Enter Return Reason Codes(s)</value></param><param seq="2" type="cclnode"><value><![CDATA[<item xmlns:SOAP-ENC="http://schemas.xmlsoap.org/soap/encoding/" xmlns:bus="http://developer.cognos.com/schemas/bibus/3/" xmlns:xsi="http://www.w3.org/2001/XMLSchema-instance"><name>Enter Return Reason Codes(s)</name><type>xsdInt</type><promptType></promptType><capabilities SOAP-ENC:arrayType="bus:parameterCapabilityEnum[]" xsi:type="SOAP-ENC:Array"><item>multivalued</item></capabilities><value><item xsi:type="bus:simpleParmValueItem"><inclusive>true</inclusive><use>1</use></item><item xsi:type="bus:simpleParmValueItem"><inclusive>true</inclusive><use>2</use></item><item xsi:type="bus:simpleParmValueItem"><inclusive>true</inclusive><use>3</use></item></value></item>]]></value></param></inputparams><domchanges/><result success="t"><outputparams/></result></action><action seq="4" type="ResetPromptValues"><inputparams><param seq="1" type="integer"><value>0</value></param></inputparams><domchanges/><result success="t"><outputparams/></result></action></transaction><transaction event="Save" saved="true" seq="35" timestamp="20141114170226964" uniqueId="05C9AE3605C9AE36" user="Student"/><transaction event="StartSession" saved="true" seq="36" timestamp="20141203212714905" uniqueId="94CB641294CB6412" user="Student"/><transaction saved="true" seq="37" timestamp="20141203212715546" uniqueId="87FC6E2987FC6E29"><action seq="1" type="SetActiveLocale"><inputparams><param seq="1" type="i18nstring"><value>en</value></param></inputparams><domchanges/><result success="t"><outputparams/></result></action></transaction><transaction saved="true" seq="38" timestamp="20141203212737796" uniqueId="A2066520A2066520"><action seq="1" type="Modify"><inputparams><param seq="1" type="handle"><mappingpath>dataSource/cmDataSource</mappingpath><value>/O/cmDataSource[0]/O/[].[dataSources].[GOSALES]</value></param><param seq="2" type="i18nstring"><value>#$DataSourceLookup{$account.personalInfo.userName}#</value></param></inputparams><domchanges/><result success="t"><outputparams/></result></action></transaction><transaction saved="true" seq="39" timestamp="20141203213055874" uniqueId="4C54528C4C54528C"><action seq="1" type="UpdateObject"><inputparams><param seq="1" type="handle"><mappingpath>querySubject</mappingpath><value>[Consolidation View].[Return Reason]</value></param><param seq="2" type="cclnode"><value><![CDATA[<updateObjectRequest><tasks><task name="removeProperty"><parameters><param name="propertyType" value="filter"/><param name="propertyIndex" value="0"/></parameters></task></tasks></updateObjectRequest>]]></value></param></inputparams><domchanges/><result success="t"><outputparams/></result></action></transaction><transaction saved="true" seq="40" timestamp="20141203213158874" uniqueId="4B67715A4B67715A"><action seq="1" type="ModifyComplex"><inputparams><param seq="1" type="handle"><mappingpath>queryItem/expression</mappingpath><value>/O/expression[0]/O/[Consolidation View].[Order Method].[Order Method]</value></param><param seq="2" type="i18nstring"><value>#&amp;apos;[gosales].[ORDER_METHOD].[ORDER_METHOD_&amp;apos;+ $Language_lookup{$runLocale} + &amp;apos;]&amp;apos;#</value></param></inputparams><domchanges/><result success="t"><outputparams/></result></action></transaction><transaction saved="true" seq="41" timestamp="20141203213459624" uniqueId="DE51776BDE51776B"><action seq="1" type="Delete"><inputparams><param seq="1" type="handle"><mappingpath>parameterMapEntry</mappingpath><value>[].[parameterMaps].[_env].[UserLanguage]</value></param></inputparams><domchanges/><result success="t"><outputparams/></result></action><action seq="2" type="RemoveRuntimeParameters"><inputparams><param seq="1" type="i18nstring"><value>removeall</value></param></inputparams><domchanges/><result success="t"><outputparams/></result></action></transaction><transaction event="Save" saved="true" seq="42" timestamp="20141203213537514" uniqueId="6933C6176933C617" user="Student"/><transaction event="StartSession" saved="true" seq="43" timestamp="20141203213538311" uniqueId="88E7123388E71233" user="Student"/><transaction saved="true" seq="44" timestamp="20141203213539093" uniqueId="B52C7751B52C7751"><action seq="1" type="SetActiveLocale"><inputparams><param seq="1" type="i18nstring"><value>en</value></param></inputparams><domchanges/><result success="t"><outputparams/></result></action></transaction><transaction saved="true" seq="45" timestamp="20141203213636811" uniqueId="AC0A68B6AC0A68B6"><action seq="1" type="Delete"><inputparams><param seq="1" type="handle"><mappingpath>parameterMap</mappingpath><value>[].[parameterMaps].[DataSourceLookup]</value></param></inputparams><domchanges/><result success="t"><outputparams/></result></action></transaction><transaction saved="true" seq="46" timestamp="20141203213657733" uniqueId="585C358B585C358B"><action seq="1" type="Modify"><inputparams><param seq="1" type="handle"><mappingpath>dataSource/cmDataSource</mappingpath><value>/O/cmDataSource[0]/O/[].[dataSources].[GOSALES]</value></param><param seq="2" type="i18nstring"><value>GOSALES</value></param></inputparams><domchanges/><result success="t"><outputparams/></result></action></transaction><transaction event="Save" saved="true" seq="47" timestamp="20141203213756311" uniqueId="6360D5706360D570" user="Student"/><transaction event="StartSession" saved="true" seq="48" timestamp="20141204101336575" uniqueId="707EE0E4707EE0E4" user="Student"/><transaction saved="true" seq="49" timestamp="20141204101431810" uniqueId="156003EA156003EA"><action seq="1" type="SetActiveLocale"><inputparams><param seq="1" type="i18nstring"><value>en</value></param></inputparams><domchanges/><result success="t"><outputparams/></result></action></transaction><transaction saved="true" seq="50" timestamp="20141204101637747" uniqueId="1B3B67001B3B6700"><action seq="1" type="SetSecurityViewDefinition"><inputparams><param seq="1" type="handle"><mappingpath>securityView</mappingpath><value>[].[securityViews].[GO Operational (query)]</value></param><param seq="2" type="handle"><mappingpath>namespace</mappingpath><value>[Sales (query)]</value></param><param seq="3" type="integer"><value>2</value></param><param seq="4" type="handle"><mappingpath>namespace</mappingpath><value>[Returns (query)]</value></param><param seq="5" type="integer"><value>2</value></param><param seq="6" type="handle"><mappingpath>namespace</mappingpath><value>[Sales Targets (query)]</value></param><param seq="7" type="integer"><value>2</value></param><param seq="8" type="handle"><mappingpath>shortcut</mappingpath><value>[Retailer Location Filters]</value></param><param seq="9" type="integer"><value>2</value></param></inputparams><domchanges/><result success="t"><outputparams/></result></action></transaction><transaction saved="true" seq="51" timestamp="20141204101648216" uniqueId="DB67F367DB67F367"><action seq="1" type="Delete"><inputparams><param seq="1" type="handle"><mappingpath>filter</mappingpath><value>[GO Operational Sales (query)].[My Location]</value></param></inputparams><domchanges/><result success="t"><outputparams/></result></action></transaction><transaction event="Save" saved="true" seq="52" timestamp="20141204101703482" uniqueId="383F0784383F0784" user="Student"/><transaction event="StartSession" saved="true" seq="53" timestamp="20150114103641393" uniqueId="B472EBF9B472EBF9" user="Student"/><transaction saved="true" seq="54" timestamp="20150114103648158" uniqueId="608C3016608C3016"><action seq="1" type="SetActiveLocale"><inputparams><param seq="1" type="i18nstring"><value>en</value></param></inputparams><domchanges/><result success="t"><outputparams/></result></action></transaction><transaction saved="true" seq="55" timestamp="20150114103714564" uniqueId="0550118405501184"><action seq="1" type="Delete"><inputparams><param seq="1" type="handle"><mappingpath>queryItem</mappingpath><value>[Dimensional View].[Products].[Products].[Product].[Production Cost]</value></param><param seq="2" type="handle"><mappingpath>queryItem</mappingpath><value>[Dimensional View].[Products].[Products].[Product].[Gross Margin]</value></param></inputparams><domchanges/><result success="t"><outputparams/></result></action></transaction><transaction saved="true" seq="56" timestamp="20150114103721252" uniqueId="1C8B589F1C8B589F"><action seq="1" type="Delete"><inputparams><param seq="1" type="handle"><mappingpath>queryItem</mappingpath><value>[Consolidation View].[Products].[Gross Margin]</value></param><param seq="2" type="handle"><mappingpath>queryItem</mappingpath><value>[Consolidation View].[Products].[Production Cost]</value></param></inputparams><domchanges/><result success="t"><outputparams/></result></action></transaction><transaction saved="true" seq="57" timestamp="20150114103736893" uniqueId="6D4C4FFD6D4C4FFD"><action seq="1" type="Delete"><inputparams><param seq="1" type="handle"><mappingpath>queryItem</mappingpath><value>[gosales].[Product Type &amp; Product].[GROSS_MARGIN]</value></param><param seq="2" type="handle"><mappingpath>queryItem</mappingpath><value>[gosales].[Product Type &amp; Product].[PRODUCTION_COST]</value></param></inputparams><domchanges/><result success="t"><outputparams/></result></action></transaction><transaction saved="true" seq="58" timestamp="20150114103747111" uniqueId="950D7BFF950D7BFF"><action seq="1" type="UpdateQuerySubjects"><inputparams><param seq="1" type="bmtparams"><value><param seq="0" type="handle"><mappingpath>querySubject</mappingpath><value>[gosales].[PRODUCT]</value></param></value></param></inputparams><domchanges/><result success="t"><outputparams/></result></action></transaction><transaction event="Save" saved="true" seq="59" timestamp="20150114104254689" uniqueId="6CD44D9C6CD44D9C" user="Student"/></bmtactionlog>
