<?xml version="1.0" encoding="UTF-8" ?>
<bmtcustomdata><namespace name="visuals"><object name="[]"><property name="BMTFW_Layout_Version">long:29</property><property name="BMTFW_Layout"><![CDATA[string:[Consolidation View].[Sales Fact]
	dx=121,109
	parent=Consolidation View
	x=423,313
[Consolidation View].[Returns Fact]
	dx=135,49
	parent=Consolidation View
	x=212,665
[Consolidation View].[Sales Target Fact]
	dx=162,49
	parent=Consolidation View
	x=10,665
[Consolidation View].[Branch by Location]
	dx=175,229
	parent=Consolidation View
	x=228,57
[Consolidation View].[Order Codes]
	dx=134,69
	parent=Consolidation View
	x=395,569
[Consolidation View].[Order Method]
	dx=141,69
	parent=Consolidation View
	x=214,569
[Consolidation View].[Products]
	dx=127,229
	parent=Consolidation View
	x=10,313
[Consolidation View].[Retailer by Location]
	dx=178,229
	parent=Consolidation View
	x=10,57
[Consolidation View].[Return Reason]
	dx=164,69
	parent=Consolidation View
	x=10,569
[Consolidation View].[Sales Target by Location]
	dx=206,109
	parent=Consolidation View
	x=177,313
[Consolidation View].[Staff by Location]
	dx=160,229
	parent=Consolidation View
	x=443,57
[Consolidation View]
	c=bf8cbc
	dx=613,724
	expanded=t
	parent=GO Operational Model
	x=10,24
[gosales].[Sales Fact]
	dx=183,229
	parent=gosales
	x=316,598
[gosales].[SALES_TARGET]
	dx=206,209
	parent=gosales
	x=863,612
[gosales].[Returns Fact]
	dx=168,229
	parent=gosales
	x=349,868
[gosales].[BRANCH]
	dx=233,151
	parent=gosales
	x=307,368
[gosales].[Branch Country (alias)]
	dx=271,89
	parent=gosales
	x=288,205
[gosales].[Branch Region (alias)]
	dx=265,69
	parent=gosales
	x=292,100
[gosales].[COUNTRY]
	dx=218,69
	parent=gosales
	x=607,290
[gosales].[EMPLOYEE]
	dx=171,115
	parent=gosales
	x=598,572
[gosales].[RETURN_REASON]
	dx=179,117
	parent=gosales
	x=79,964
[gosales].[SALES_REGION]
	dx=176,74
	parent=gosales
	x=624,168
[gosales].[Staff Branch (alias)]
	dx=184,102
	parent=gosales
	x=899,289
[gosales].[Staff Country (alias)]
	dx=177,89
	parent=gosales
	x=903,155
[gosales].[Staff Region (alias)]
	dx=172,69
	parent=gosales
	x=905,41
[gosales].[PRODUCT]
	dx=206,96
	parent=Original Product Objects
	x=10,30
[gosales].[PRODUCT_TYPE]
	dx=185,90
	parent=Original Product Objects
	x=256,33
[gosales].[Original Product Objects]
	c=89c6fd
	dx=200,28
	expanded=f
	parent=gosales
	view=0,0
	x=9,157
	zoom=1.000000
[gosales].[RETAILER]
	dx=182,129
	parent=Original Retailer Objects
	x=52,727
[gosales].[RETAILER_SITE]
	dx=210,130
	parent=Original Retailer Objects
	x=40,541
[gosales].[Original Retailer Objects]
	c=99b2c7
	dx=200,28
	expanded=f
	parent=gosales
	x=8,198
[gosales].[ORDER_DETAILS]
	dx=179,209
	parent=Original Sales & Returns Objects
	x=10,30
[gosales].[ORDER_HEADER]
	dx=206,178
	parent=Original Sales & Returns Objects
	x=229,45
[gosales].[RETURNED_ITEM]
	dx=168,209
	parent=Original Sales & Returns Objects
	x=216,993
[gosales].[Original Sales & Returns Objects]
	c=9bdfc4
	dx=200,28
	expanded=f
	parent=gosales
	x=10,113
[gosales]
	c=d8a77d
	dx=1305,1107
	expanded=t
	parent=Foundation Objects View
	view=0,144
	x=10,57
	zoom=0.948765
[Foundation Objects View]
	c=9bdfc4
	dx=1325,1174
	expanded=t
	parent=GO Operational Model
	x=10,57
[GO Operational Model]
	c=9bdfc4
	dx=1190,1306
	expanded=t
	parent=GO Operational
	view=0,0
	x=10,57
	zoom=1.000000
[]
	NavigationRect=1414,568,1714,1037
	Notation=4
	ShowGrid=1
	Snap=1
	font=Arial Narrow
	lod=33
	tc=0
	view=0,0
	viewStyle=2
	zoom=1.000000
[gosales].[EMPLOYEE_HISTORY]
	dx=235,115
	parent=gosales
	x=873,438
[gosales].[Order Codes]
	dx=134,69
	parent=gosales
	x=609,707
[gosales].[ORDER_METHOD]
	dx=191,82
	parent=gosales
	x=573,466
[gosales].[POSITION_LOOKUP]
	dx=198,73
	parent=gosales
	x=1097,302
[gosales].[PRODUCT_LINE]
	dx=214,78
	parent=gosales
	x=863,989
[gosales].[PRODUCT_NAME_LOOKUP]
	dx=247,109
	parent=gosales
	x=574,983
[gosales].[Product Type & Product]
	dx=199,99
	parent=gosales
	x=597,809
[gosales].[Retailer & Retailer Site]
	dx=225,229
	parent=gosales
	x=24,542
[gosales].[Retailer Site Country (alias)]
	dx=221,69
	parent=gosales
	x=36,398
[gosales].[Retailer Site Region (alias)]
	dx=216,69
	parent=gosales
	x=40,273
[gosales].[RETAILER_TYPE]
	dx=192,71
	parent=gosales
	x=39,832
]]></property></object></namespace></bmtcustomdata>
