<?xml version="1.0" encoding="UTF-8"?><idlog><t seq="08BE732108BE7321"><map><id i="0" s="[Consolidation View].[Products].[Production Cost]"/><id i="1" s="[Consolidation View].[Products].[Gross Margin]"/></map><a seq="0"><id i="0"/><id i="1"/></a></t><t seq="4FCDA8784FCDA878"><map><id i="0" s="[gosales].[Product Type &amp; Product].[PRODUCTION_COST]"/><id i="1" s="[gosales].[Product Type &amp; Product].[GROSS_MARGIN]"/></map><a seq="0"><id i="0"/><id i="1"/></a></t><t seq="D2945F7FD2945F7F"><map></map></t><t seq="D2945F7FD2945F7F"><map></map></t><t seq="855487A9855487A9"><map><id i="0" s="[].[parameterMaps].[_governor].[parameterMapEntry]"/><id i="1" s="[].[parameterMaps].[_governor].[updateQS]"/><id i="2" s="[gosales].[PRODUCT]"/><id i="3" s="[gosales].[PRODUCT].[BASE_PRODUCT_NUMBER]"/><id i="4" s="[gosales].[PRODUCT].[PRODUCT_COLOR_CODE]"/><id i="5" s="[gosales].[PRODUCT].[PRODUCT_SIZE_CODE]"/><id i="6" s="[gosales].[PRODUCT].[PRODUCT_BRAND_CODE]"/><id i="7" s="[gosales].[PRODUCT].[PRODUCT_IMAGE]"/><id i="8" s="[gosales].[PRODUCT].[PRODUCT_NUMBER]"/><id i="9" s="[gosales].[PRODUCT].[INTRODUCTION_DATE]"/><id i="10" s="[gosales].[PRODUCT].[DISCONTINUED_DATE]"/><id i="11" s="[gosales].[PRODUCT].[PRODUCT_TYPE_CODE]"/><id i="12" s="[gosales].[PRODUCT].[PRODUCTION_COST]"/><id i="13" s="[gosales].[PRODUCT].[GROSS_MARGIN]"/></map><a seq="-1"><id i="0"/><id i="1"/></a><a seq="0"><id i="2"/><id i="3"/><id i="4"/><id i="5"/><id i="6"/><id i="7"/><id i="8"/><id i="9"/><id i="10"/><id i="11"/><id i="12"/><id i="13"/></a></t></idlog>