<?xml version="1.0" encoding="UTF-8" ?>
<bmtactionlog project="C:\Edcognos\B5A52\CBIFM-Start Files\Module 11\GO Operational\log.xml" timestamp="20150104211150141" user="Student" version="10.2.6100.82"><transaction event="StartLog" saved="true" seq="1" timestamp="20150104211025281" uniqueId="A16A087FA16A087F" user="Student"/><transaction event="StartSession" saved="true" seq="2" timestamp="20150104211025281" uniqueId="A16A087FA16A087F" user="Student"/><transaction saved="true" seq="3" timestamp="20150104211026016" uniqueId="C2C15DB9C2C15DB9"><action seq="1" type="SetActiveLocale"><inputparams><param seq="1" type="i18nstring"><value>en</value></param></inputparams><domchanges/><result success="t"><outputparams/></result></action></transaction><transaction saved="true" seq="4" timestamp="20150104211034875" uniqueId="08BE732108BE7321"><action seq="1" type="Delete"><inputparams><param seq="1" type="handle"><mappingpath>queryItem</mappingpath><value>[Consolidation View].[Products].[Gross Margin]</value></param><param seq="2" type="handle"><mappingpath>queryItem</mappingpath><value>[Consolidation View].[Products].[Production Cost]</value></param></inputparams><domchanges/><result success="t"><outputparams/></result></action></transaction><transaction saved="true" seq="5" timestamp="20150104211046031" uniqueId="4FCDA8784FCDA878"><action seq="1" type="Delete"><inputparams><param seq="1" type="handle"><mappingpath>queryItem</mappingpath><value>[gosales].[Product Type &amp; Product].[GROSS_MARGIN]</value></param><param seq="2" type="handle"><mappingpath>queryItem</mappingpath><value>[gosales].[Product Type &amp; Product].[PRODUCTION_COST]</value></param></inputparams><domchanges/><result success="t"><outputparams/></result></action></transaction><transaction saved="true" seq="6" timestamp="20150104211104547" uniqueId="855487A9855487A9"><action seq="1" type="UpdateQuerySubjects"><inputparams><param seq="1" type="bmtparams"><value><param seq="0" type="handle"><mappingpath>querySubject</mappingpath><value>[gosales].[PRODUCT]</value></param></value></param></inputparams><domchanges/><result success="t"><outputparams/></result></action></transaction><transaction event="Save" saved="true" seq="7" timestamp="20150104211150141" uniqueId="2394A5C92394A5C9" user="Student"/></bmtactionlog>
