<?xml version="1.0" encoding="UTF-8" ?>
<bmtactionlog project="C:\Edcognos\B5A52\CBIFM-Start Files\Module 14\GO Operational\log.xml" timestamp="20150105025358137" user="Student" version="10.2.6100.82"><transaction event="StartLog" saved="true" seq="1" timestamp="20150105025230652" uniqueId="8B452BCC8B452BCC" user="Student"/><transaction event="StartSession" saved="true" seq="2" timestamp="20150105025230652" uniqueId="8B452BCC8B452BCC" user="Student"/><transaction saved="true" seq="3" timestamp="20150105025231340" uniqueId="DDCFA53EDDCFA53E"><action seq="1" type="SetActiveLocale"><inputparams><param seq="1" type="i18nstring"><value>en</value></param></inputparams><domchanges/><result success="t"><outputparams/></result></action></transaction><transaction saved="true" seq="4" timestamp="20150105025245512" uniqueId="A85C15CBA85C15CB"><action seq="1" type="Delete"><inputparams><param seq="1" type="handle"><mappingpath>queryItem</mappingpath><value>[Consolidation View].[Products].[Production Cost]</value></param><param seq="2" type="handle"><mappingpath>queryItem</mappingpath><value>[Consolidation View].[Products].[Gross Margin]</value></param></inputparams><domchanges/><result success="t"><outputparams/></result></action></transaction><transaction saved="true" seq="5" timestamp="20150105025301309" uniqueId="47863EE247863EE2"><action seq="1" type="Delete"><inputparams><param seq="1" type="handle"><mappingpath>queryItem</mappingpath><value>[gosales].[Product Type &amp; Product].[PRODUCTION_COST]</value></param><param seq="2" type="handle"><mappingpath>queryItem</mappingpath><value>[gosales].[Product Type &amp; Product].[GROSS_MARGIN]</value></param></inputparams><domchanges/><result success="t"><outputparams/></result></action></transaction><transaction saved="true" seq="6" timestamp="20150105025311574" uniqueId="CD23457FCD23457F"><action seq="1" type="UpdateQuerySubjects"><inputparams><param seq="1" type="bmtparams"><value><param seq="0" type="handle"><mappingpath>querySubject</mappingpath><value>[gosales].[PRODUCT]</value></param></value></param></inputparams><domchanges/><result success="t"><outputparams/></result></action></transaction><transaction event="Save" saved="true" seq="7" timestamp="20150105025358137" uniqueId="11C08FFC11C08FFC" user="Student"/></bmtactionlog>
