<?xml version="1.0" encoding="UTF-8" ?>
<bmtcustomdata><namespace name="visuals"><object name="[]"><property name="BMTFW_Layout_Version">long:1</property><property name="BMTFW_Layout"><![CDATA[string:[GO Operational Model]
	view=0,0
	zoom=1.019048
[]
	Notation=4
	ShowGrid=1
	Snap=1
	font=Arial Narrow
	lod=32
	tc=0
	viewStyle=2
[Foundation Object View]
	c=9bdfc4
	dx=1095,411
	expanded=t
	parent=GO Operational Model
	x=10,57
[gosales]
	c=d8a77d
	dx=1075,344
	expanded=t
	parent=Foundation Object View
	x=10,57
[gosales].[ORDER_DETAILS]
	dx=164,190
	parent=gosales
	x=247,58
[gosales].[ORDER_HEADER]
	dx=183,208
	parent=gosales
	x=10,168
[gosales].[ORDER_METHOD]
	dx=165,208
	parent=gosales
	x=247,141
[gosales].[PRODUCT]
	dx=176,208
	parent=gosales
	x=465,58
[gosales].[PRODUCT_LINE]
	dx=156,208
	parent=gosales
	x=909,86
[gosales].[PRODUCT_NAME_LOOKUP]
	dx=224,100
	parent=gosales
	x=695,31
[gosales].[PRODUCT_TYPE]
	dx=160,208
	parent=gosales
	x=695,86
[gosales].[BRANCH]
	dx=195,208
	parent=gosales
	x=247,251
[gosales].[COUNTRY]
	dx=181,208
	parent=gosales
	x=496,306
[gosales].[SALES_REGION]
	dx=156,208
	parent=gosales
	x=731,306
[gosales].[EMPLOYEE]
	dx=145,208
	parent=gosales
	x=749,196
[gosales].[EMPLOYEE_HISTORY]
	dx=199,208
	parent=gosales
	x=496,223
[gosales].[POSITION_LOOKUP]
	dx=178,208
	parent=gosales
	x=749,251
]]></property></object></namespace></bmtcustomdata>
