<?xml version="1.0" encoding="UTF-8"?><idlog><t seq="3839FF623839FF62"><map><id i="0" s="[gosales].[EMPLOYEE_HISTORY]"/><id i="1" s="[gosales].[EMPLOYEE_HISTORY].[EMPLOYEE_CODE]"/><id i="2" s="[gosales].[EMPLOYEE_HISTORY].[RECORD_START_DATE]"/><id i="3" s="[gosales].[EMPLOYEE_HISTORY].[RECORD_END_DATE]"/><id i="4" s="[gosales].[EMPLOYEE_HISTORY].[POSITION_CODE]"/><id i="5" s="[gosales].[EMPLOYEE_HISTORY].[POSITION_START_DATE]"/><id i="6" s="[gosales].[EMPLOYEE_HISTORY].[MANAGER_CODE]"/><id i="7" s="[gosales].[EMPLOYEE_HISTORY].[MANAGER]"/><id i="8" s="[gosales].[EMPLOYEE_HISTORY].[MANAGER_MB]"/><id i="9" s="[gosales].[EMPLOYEE_HISTORY].[BRANCH_CODE]"/><id i="10" s="[gosales].[EMPLOYEE_HISTORY].[ORGANIZATION_CODE]"/><id i="11" s="[gosales].[EMPLOYEE_HISTORY].[EMPLOYEE_HISTORY_CODE]"/><id i="12" s="[gosales].[EMPLOYEE_HISTORY].[EMPLOYEE_HISTORY_PARENT]"/></map><a seq="0"><id i="0"/></a><a seq="1"></a><a seq="2"></a><a seq="3"></a><a seq="4"></a><a seq="5"><id i="1"/><id i="2"/><id i="3"/><id i="4"/><id i="5"/><id i="6"/><id i="7"/><id i="8"/><id i="9"/><id i="10"/><id i="11"/><id i="12"/></a></t><t seq="077A5054077A5054"><map><id i="0" s="[gosales].[EMPLOYEE_HISTORY]"/></map><a seq="0"><id i="0"/></a></t><t seq="026C1133026C1133"><map><id i="0" s="[gosales].[EMPLOYEE_HISTORY]"/></map><a seq="0"><id i="0"/></a><a seq="1"></a><a seq="2"></a><a seq="3"></a></t><t seq="FF1D324DFF1D324D"><map><id i="0" s="[].[parameterMaps].[_governor].[parameterMapEntry]"/><id i="1" s="[].[parameterMaps].[_governor].[updateQS]"/><id i="2" s="[gosales].[PRODUCT].[PRODUCTION_COST]"/><id i="3" s="[gosales].[PRODUCT].[GROSS_MARGIN]"/><id i="4" s="[gosales].[PRODUCT]"/><id i="5" s="[gosales].[PRODUCT].[BASE_PRODUCT_NUMBER]"/><id i="6" s="[gosales].[PRODUCT].[PRODUCT_COLOR_CODE]"/><id i="7" s="[gosales].[PRODUCT].[PRODUCT_SIZE_CODE]"/><id i="8" s="[gosales].[PRODUCT].[PRODUCT_BRAND_CODE]"/><id i="9" s="[gosales].[PRODUCT].[PRODUCT_IMAGE]"/><id i="10" s="[gosales].[PRODUCT].[PRODUCT_NUMBER]"/><id i="11" s="[gosales].[PRODUCT].[INTRODUCTION_DATE]"/><id i="12" s="[gosales].[PRODUCT].[DISCONTINUED_DATE]"/><id i="13" s="[gosales].[PRODUCT].[PRODUCT_TYPE_CODE]"/></map><a seq="-1"><id i="0"/><id i="1"/></a><a seq="0"><id i="2"/><id i="3"/><id i="4"/><id i="5"/><id i="6"/><id i="7"/><id i="8"/><id i="9"/><id i="10"/><id i="11"/><id i="12"/><id i="13"/></a></t></idlog>