<?xml version="1.0" encoding="UTF-8" ?>
<bmtactionlog project="C:\Edcognos\B5A52\CBIFM-Start Files\Module 7\GO Operational\log.xml" timestamp="20141104162247971" user="Student" version="10.2.6100.67"><transaction event="StartLog" saved="true" seq="1" timestamp="20141104161745362" uniqueId="D9A29C94D9A29C94" user="Student"/><transaction event="StartSession" saved="true" seq="2" timestamp="20141104161745362" uniqueId="D9A29C94D9A29C94" user="Student"/><transaction saved="true" seq="3" timestamp="20141104161747471" uniqueId="B946E342B946E342"><action seq="1" type="SetActiveLocale"><inputparams><param seq="1" type="i18nstring"><value>en</value></param></inputparams><domchanges/><result success="t"><outputparams/></result></action></transaction><transaction saved="true" seq="4" timestamp="20141104161843534" uniqueId="3839FF623839FF62"><action seq="1" type="UpdateObject"><inputparams><param seq="1" type="handle"><mappingpath>querySubject</mappingpath><value>[gosales].[EMPLOYEE_HISTORY]</value></param><param seq="2" type="cclnode"><value><![CDATA[<updateObjectRequest><tasks><task name="addProperty"><parameters><param name="propertyType" value="filter"/><param name="propertyValue"><expression/></param><param name="caption" value="New Filter"/><param name="filterApplyType" value="always"/><param name="filterApplicationType" value="beforeAutoAggregation"/></parameters></task></tasks></updateObjectRequest>]]></value></param></inputparams><domchanges/><result success="t"><outputparams/></result></action><action seq="2" type="Modify"><inputparams><param seq="1" type="handle"><mappingpath>querySubject/definition/dbQuery/filters/filterDefinition/displayName</mappingpath><value>/O/definition[0]/dbQuery[0]/filters[0]/filterDefinition[0]/displayName[0]/O/[gosales].[EMPLOYEE_HISTORY]</value></param><param seq="2" type="i18nstring"><value>Current Employee History Record</value></param></inputparams><domchanges/><result success="t"><outputparams/></result></action><action seq="3" type="ModifyComplex"><inputparams><param seq="1" type="handle"><mappingpath>querySubject/definition/dbQuery/filters/filterDefinition/expression</mappingpath><value>/O/definition[0]/dbQuery[0]/filters[0]/filterDefinition[0]/expression[0]/O/[gosales].[EMPLOYEE_HISTORY]</value></param><param seq="2" type="i18nstring"><value>&lt;refobj&gt;[gosales].[EMPLOYEE_HISTORY].[RECORD_END_DATE]&lt;/refobj&gt; is null</value></param></inputparams><domchanges/><result success="t"><outputparams/></result></action><action seq="4" type="Modify"><inputparams><param seq="1" type="handle"><mappingpath>querySubject/definition/dbQuery/filters/filterDefinition/@apply</mappingpath><value>/O/definition[0]/dbQuery[0]/filters[0]/filterDefinition[0]/@apply/O/[gosales].[EMPLOYEE_HISTORY]</value></param><param seq="2" type="i18nstring"><value>always</value></param></inputparams><domchanges/><result success="t"><outputparams/></result></action><action seq="5" type="Modify"><inputparams><param seq="1" type="handle"><mappingpath>querySubject/definition/dbQuery/filters/filterDefinition/@application</mappingpath><value>/O/definition[0]/dbQuery[0]/filters[0]/filterDefinition[0]/@application/O/[gosales].[EMPLOYEE_HISTORY]</value></param><param seq="2" type="i18nstring"><value>beforeAutoAggregation</value></param></inputparams><domchanges/><result success="t"><outputparams/></result></action><action seq="6" type="EvaluateObject"><inputparams><param seq="1" type="handle"><mappingpath>querySubject</mappingpath><value>[gosales].[EMPLOYEE_HISTORY]</value></param></inputparams><domchanges/><result success="t"><outputparams/></result></action></transaction><transaction event="Save" saved="true" seq="5" timestamp="20141104162247971" uniqueId="DEB5747EDEB5747E" user="Student"/><transaction event="StartSession" saved="true" seq="6" timestamp="20141104182148409" uniqueId="5A38B4825A38B482" user="Student"/><transaction saved="true" seq="7" timestamp="20141104182150737" uniqueId="790AEB0C790AEB0C"><action seq="1" type="SetActiveLocale"><inputparams><param seq="1" type="i18nstring"><value>en</value></param></inputparams><domchanges/><result success="t"><outputparams/></result></action></transaction><transaction saved="true" seq="8" timestamp="20141104183040221" uniqueId="077A5054077A5054"><action seq="1" type="UpdateObject"><inputparams><param seq="1" type="handle"><mappingpath>querySubject</mappingpath><value>[gosales].[EMPLOYEE_HISTORY]</value></param><param seq="2" type="cclnode"><value><![CDATA[<updateObjectRequest><tasks><task name="removeProperty"><parameters><param name="propertyType" value="filter"/><param name="propertyIndex" value="0"/></parameters></task></tasks></updateObjectRequest>]]></value></param></inputparams><domchanges/><result success="t"><outputparams/></result></action></transaction><transaction event="Save" saved="true" seq="9" timestamp="20141104183152112" uniqueId="EE35C0A8EE35C0A8" user="Student"/><transaction event="StartSession" saved="true" seq="10" timestamp="20141201144841143" uniqueId="6279251462792514" user="Student"/><transaction saved="true" seq="11" timestamp="20141201144856315" uniqueId="7894D6FD7894D6FD"><action seq="1" type="SetActiveLocale"><inputparams><param seq="1" type="i18nstring"><value>en</value></param></inputparams><domchanges/><result success="t"><outputparams/></result></action></transaction><transaction saved="true" seq="12" timestamp="20141201145010440" uniqueId="026C1133026C1133"><action seq="1" type="UpdateObject"><inputparams><param seq="1" type="handle"><mappingpath>querySubject</mappingpath><value>[gosales].[EMPLOYEE_HISTORY]</value></param><param seq="2" type="cclnode"><value><![CDATA[<updateObjectRequest><tasks><task name="addProperty"><parameters><param name="propertyType" value="filter"/><param name="propertyValue"><expression/></param><param name="caption" value="New Filter"/><param name="filterApplyType" value="always"/><param name="filterApplicationType" value="beforeAutoAggregation"/></parameters></task></tasks></updateObjectRequest>]]></value></param></inputparams><domchanges/><result success="t"><outputparams/></result></action><action seq="2" type="ModifyComplex"><inputparams><param seq="1" type="handle"><mappingpath>querySubject/definition/dbQuery/filters/filterDefinition/expression</mappingpath><value>/O/definition[0]/dbQuery[0]/filters[0]/filterDefinition[0]/expression[0]/O/[gosales].[EMPLOYEE_HISTORY]</value></param><param seq="2" type="i18nstring"><value>&lt;refobj&gt;[gosales].[EMPLOYEE_HISTORY].[RECORD_END_DATE]&lt;/refobj&gt; IS NULL</value></param></inputparams><domchanges/><result success="t"><outputparams/></result></action><action seq="3" type="Modify"><inputparams><param seq="1" type="handle"><mappingpath>querySubject/definition/dbQuery/filters/filterDefinition/@apply</mappingpath><value>/O/definition[0]/dbQuery[0]/filters[0]/filterDefinition[0]/@apply/O/[gosales].[EMPLOYEE_HISTORY]</value></param><param seq="2" type="i18nstring"><value>always</value></param></inputparams><domchanges/><result success="t"><outputparams/></result></action><action seq="4" type="Modify"><inputparams><param seq="1" type="handle"><mappingpath>querySubject/definition/dbQuery/filters/filterDefinition/@application</mappingpath><value>/O/definition[0]/dbQuery[0]/filters[0]/filterDefinition[0]/@application/O/[gosales].[EMPLOYEE_HISTORY]</value></param><param seq="2" type="i18nstring"><value>beforeAutoAggregation</value></param></inputparams><domchanges/><result success="t"><outputparams/></result></action></transaction><transaction event="Save" saved="true" seq="13" timestamp="20141201145112237" uniqueId="2FDA03DA2FDA03DA" user="Student"/><transaction event="StartSession" saved="true" seq="14" timestamp="20141218184621173" uniqueId="5D8099345D809934" user="Student"/><transaction saved="true" seq="15" timestamp="20141218184622689" uniqueId="4BC7929C4BC7929C"><action seq="1" type="SetActiveLocale"><inputparams><param seq="1" type="i18nstring"><value>en</value></param></inputparams><domchanges/><result success="t"><outputparams/></result></action></transaction><transaction saved="true" seq="16" timestamp="20141218184649470" uniqueId="FF1D324DFF1D324D"><action seq="1" type="UpdateQuerySubjects"><inputparams><param seq="1" type="bmtparams"><value><param seq="0" type="handle"><mappingpath>querySubject</mappingpath><value>[gosales].[PRODUCT]</value></param></value></param></inputparams><domchanges/><result success="t"><outputparams/></result></action></transaction><transaction event="Save" saved="true" seq="17" timestamp="20141218184658517" uniqueId="F875BA23F875BA23" user="Student"/></bmtactionlog>
