<?xml version="1.0" encoding="UTF-8" ?>
<bmtactionlog project="C:\Edcognos\B5252\CBIFM-Start Files\Module 9\GO Operational\log.xml" timestamp="20120808100850027" user="Student" version="10.2.1003.39"><transaction event="StartLog" saved="true" seq="1" timestamp="20120808100834339" uniqueId="3B436CBE3B436CBE" user="Student"/><transaction event="StartSession" saved="true" seq="2" timestamp="20120808100834433" uniqueId="3B436CBE3B436CBE" user="Student"/><transaction saved="true" seq="3" timestamp="20120808100839234" uniqueId="8DAC672A8DAC672A"><action seq="1" type="SetActiveLocale"><inputparams><param seq="1" type="i18nstring"><value>en</value></param></inputparams><domchanges/><result success="t"><outputparams/></result></action></transaction><transaction event="Save" saved="true" seq="4" timestamp="20120808100850027" uniqueId="CB413CBDCB413CBD" user="Student"/><transaction event="StartSession" saved="true" seq="5" timestamp="20141223140323937" uniqueId="B6637275B6637275" user="Student"/><transaction saved="true" seq="6" timestamp="20141223140324484" uniqueId="4F355F394F355F39"><action seq="1" type="SetActiveLocale"><inputparams><param seq="1" type="i18nstring"><value>en</value></param></inputparams><domchanges/><result success="t"><outputparams/></result></action></transaction><transaction saved="true" seq="7" timestamp="20141223140333422" uniqueId="1A83424A1A83424A"><action seq="1" type="Delete"><inputparams><param seq="1" type="handle"><mappingpath>queryItem</mappingpath><value>[Consolidation View].[Products].[Gross Margin]</value></param><param seq="2" type="handle"><mappingpath>queryItem</mappingpath><value>[Consolidation View].[Products].[Production Cost]</value></param></inputparams><domchanges/><result success="t"><outputparams/></result></action></transaction><transaction saved="true" seq="8" timestamp="20141223140357515" uniqueId="22EF294022EF2940"><action seq="1" type="Delete"><inputparams><param seq="1" type="handle"><mappingpath>queryItem</mappingpath><value>[gosales].[Product Type &amp; Product].[GROSS_MARGIN]</value></param><param seq="2" type="handle"><mappingpath>queryItem</mappingpath><value>[gosales].[Product Type &amp; Product].[PRODUCTION_COST]</value></param></inputparams><domchanges/><result success="t"><outputparams/></result></action></transaction><transaction saved="true" seq="9" timestamp="20141223140422406" uniqueId="4746DB904746DB90"><action seq="1" type="UpdateQuerySubjects"><inputparams><param seq="1" type="bmtparams"><value><param seq="0" type="handle"><mappingpath>querySubject</mappingpath><value>[gosales].[PRODUCT]</value></param></value></param></inputparams><domchanges/><result success="t"><outputparams/></result></action></transaction><transaction saved="true" seq="10" timestamp="20141223140436172" uniqueId="A392D601A392D601"><action seq="1" type="SetSecurityViewAccess"><inputparams><param seq="1" type="handle"><mappingpath>securityView</mappingpath><value>[].[securityViews].[GO Operational]</value></param><param seq="2" type="integer"><value>1</value></param><param seq="3" type="cclnode"><value><![CDATA[<securityObjects/>]]></value></param></inputparams><domchanges/><result success="t"><outputparams/></result></action></transaction><transaction saved="true" seq="11" timestamp="20141223140436187" uniqueId="8A3D342A8A3D342A"><action seq="1" type="SetSecurityViewAccess"><inputparams><param seq="1" type="handle"><mappingpath>package</mappingpath><value>[].[packages].[GO Operational]</value></param><param seq="2" type="integer"><value>1</value></param><param seq="3" type="cclnode"><value><![CDATA[<securityObjects/>]]></value></param></inputparams><domchanges/><result success="t"><outputparams/></result></action></transaction><transaction event="Save" saved="true" seq="12" timestamp="20141223140446015" uniqueId="957FE94A957FE94A" user="Student"/></bmtactionlog>
