<?xml version="1.0" encoding="UTF-8" ?>
<bmtcustomdata><namespace name="visuals"><object name="[]"><property name="BMTFW_Layout_Version">long:12</property><property name="BMTFW_Layout"><![CDATA[string:[Employee data].[EMP_EXPENSE_TYPE_DIM]
	dx=220,208
	parent=Employee data
	x=465,1942
[Employee data].[EMP_EXPENSE_UNIT_LOOKUP]
	dx=247,208
	parent=Employee data
	x=725,2015
[Employee data].[EMP_SUCCESSION_STATUS_DIM]
	dx=261,208
	parent=Employee data
	x=487,1165
[Employee data].[YTD Time Dimension]
	dx=191,208
	parent=YTD
	x=10,111
[Employee data].[EMP_EXPENSE_FACT_YTD]
	dx=242,172
	parent=YTD
	x=241,30
[Employee data].[EMP_TRAINING_FACT_YTD]
	dx=225,172
	parent=YTD
	x=241,229
[Employee data].[YTD]
	c=d8a77d
	dx=493,411
	expanded=t
	parent=Employee data
	x=232,2684
[Model query subjects (HR)].[Current Manager (model)]
	dx=207,100
	parent=Model query subjects (HR)
	x=10,292
[Model query subjects (HR)].[Successor (model)]
	dx=230,118
	parent=Model query subjects (HR)
	x=339,57
[Model query subjects (HR)].[Successor position (model)]
	dx=222,82
	parent=Model query subjects (HR)
	x=257,292
[Model query subjects (HR)].[Employee position-department (model)]
	dx=289,208
	parent=Model query subjects (HR)
	x=10,57
[Model query subjects (HR)]
	c=89c6fd
	dx=579,402
	expanded=t
	parent=Employee data
	x=999,57
[Employee data]
	view=0,0
	zoom=1.000000
[Employee data].[EMP_POSITION_LOOKUP]
	dx=212,208
	parent=Employee position lookup
	x=10,57
[Employee data].[Employee position lookup]
	c=9bdfc4
	dx=727,457
	expanded=t
	parent=Employee data
	x=232,30
[Employee data].[EMP_RANKING_DIM]
	dx=187,208
	parent=Employee data
	x=463,2449
[Employee data].[EMP_RECRUITMENT_DIM]
	dx=225,208
	parent=Employee data
	x=495,713
[Employee data].[EMP_SURVEY_TOPIC_DIM]
	dx=218,208
	parent=Employee data
	x=456,1400
[Employee data].[EMP_TERMINATION_LOOKUP]
	dx=239,208
	parent=Employee data
	x=1850,154
[Employee data].[EMP_TRAINING_DIM]
	dx=183,208
	parent=Employee data
	x=465,1635
[go_data_warehouse].[Filters]
	view=0,0
	zoom=1.000000
[Employee data].[EMP_SUMMARY_FACT]
	dx=197,190
	parent=Employee data
	x=232,948
[Employee data].[EMP_POSITION_SUMMARY_FACT]
	dx=263,172
	parent=Employee data
	x=232,514
[Employee data].[EMP_EXPENSE_FACT]
	dx=192,172
	parent=Employee data
	x=232,2250
[Employee data].[EMP_EXPENSE_PLAN_FACT]
	dx=232,118
	parent=Employee data
	x=725,1870
[Employee data].[EMP_SURVEY_FACT]
	dx=184,136
	parent=Employee data
	x=232,1436
[Employee data].[EMP_SURVEY_TARGET_FACT]
	dx=242,100
	parent=Employee data
	x=714,1454
[Employee data].[EMP_TRAINING_FACT]
	dx=193,172
	parent=Employee data
	x=232,1843
[Employee data].[EMP_RANKING_FACT]
	dx=191,136
	parent=Employee data
	x=232,2485
[Employee data].[EMP_RECRUITMENT_FACT]
	dx=223,190
	parent=Employee data
	x=232,722
[Employee data].[EMP_SUCCESSION_FACT]
	dx=215,190
	parent=Employee data
	x=232,1174
[Employee data].[EMP_EMPLOYEE_DIM]
	dx=192,208
	parent=Employee data
	x=1618,154
[Employee data].[EMP_POSITION_DIM]
	dx=182,208
	parent=Employee data
	x=10,1458
[Employee data].[Position lookup (level 1)]
	dx=202,64
	parent=Employee position lookup
	x=10,383
[Employee data].[Position lookup (level 2)]
	dx=202,64
	parent=Employee position lookup
	x=252,383
[Employee data].[Position lookup (level 3)]
	dx=202,64
	parent=Employee position lookup
	x=494,383
[Employee data].[Position lookup (level 4)]
	dx=202,208
	parent=Employee position lookup
	x=262,57
[Employee data].[Position lookup (level 1a)]
	dx=209,64
	parent=Employee position lookup
	x=504,57
[Employee data].[Position lookup (level 2a)]
	dx=209,64
	parent=Employee position lookup
	x=10,292
[Employee data].[Position lookup (level 3a)]
	dx=209,64
	parent=Employee position lookup
	x=259,292
[Employee data].[Position lookup (level 4a)]
	dx=209,64
	parent=Employee position lookup
	x=508,292
[]
	Notation=4
	ShowGrid=1
	Snap=1
	font=Arial Narrow
	lod=33
	tc=323232
	viewStyle=2
]]></property></object></namespace></bmtcustomdata>
