<?xml version="1.0" encoding="UTF-8" ?>
<bmtactionlog project="C:\Users\Student\Desktop\great_outdoors_warehouse\log.xml" timestamp="20141204184350595" user="Student" version="10.2.6100.82"><transaction event="StartLog" saved="true" seq="1" timestamp="20141204184221673" uniqueId="68C8B47E68C8B47E" user="Student"/><transaction event="StartSession" saved="true" seq="2" timestamp="20141204184221673" uniqueId="68C8B47E68C8B47E" user="Student"/><transaction saved="true" seq="3" timestamp="20141204184224236" uniqueId="BB3A91ECBB3A91EC"><action seq="1" type="SetActiveLocale"><inputparams><param seq="1" type="i18nstring"><value>en</value></param></inputparams><domchanges/><result success="t"><outputparams/></result></action></transaction><transaction event="Save" saved="true" seq="4" timestamp="20141204184350595" uniqueId="A91DCF8BA91DCF8B" user="Student"/></bmtactionlog>
